recv_time_sec,stamp_sec,stamp_nanosec,pose_x,pose_y,pose_z,orient_x,orient_y,orient_z,orient_w,twist_lin_x,twist_lin_y,twist_lin_z,twist_ang_x,twist_ang_y,twist_ang_z,cov_xx,cov_yy,cov_zz,cov_aa,base_x,base_y,base_z,base_qx,base_qy,base_qz,base_qw,computed_vx,computed_vy,computed_wz,paired_cmd_vx,paired_cmd_vy,paired_cmd_wz
1783437193.9276,1783437193,890897035,1.835315575223248,-1.4468900777426368,-0.04623176818124631,0.0012938412900283984,-0.0024702906464888572,0.9556012629852796,0.29464970697385195,0.0,0.0,0.0,0.0,0.0,0.0,0.0,0.0,0.0,0.0,2.0414963175735563,-1.6222114567637413,0.020459165198142067,-0.11307580998810135,0.04207011692418395,0.9482359686633158,0.2937558751593976,0.0,0.0,0.0,0.0,0.0,0.0
1783437194.025884,1783437193,991036653,1.8377572403529416,-1.4452719500038043,-0.0462718328217538,0.0014833383105473002,-0.0025114468645512753,0.9555865125871525,0.294696300118659,0.0,0.0,0.0,0.0,0.0,0.0,0.0,0.0,0.0,0.0,2.0439435266993056,-1.6206259907886593,0.020316009582987488,-0.11288548288458577,0.04203505128658503,0.948244838203878,0.29380546121021867,0.0,0.0,0.0,0.0,0.0,0.0
1783437194.149105,1783437194,91072559,1.8370454362430577,-1.4477499737646795,-0.046067860334039465,0.0013915554586952678,-0.002531875975631575,0.9555611675232765,0.2947787446526671,0.0,0.0,0.0,0.0,0.0,0.0,0.0,0.0,0.0,0.0,2.043188925448525,-1.6231386759100406,0.020561187917914517,-0.11297271789074662,0.04202454377047925,0.9482085409392267,0.2938905674280207,0.0,0.0,0.0,0.0,0.0,0.0
1783437194.2327266,1783437194,191094398,1.8382454382390223,-1.446620085952431,-0.04632183748454397,0.0015169573934570183,-0.0025280955105295147,0.9556328059877877,0.29454583292462927,0.0,0.0,0.0,0.0,0.0,0.0,0.0,0.0,0.0,0.0,2.044490511727675,-1.6219126261698744,0.020245872846939773,-0.11285909743584613,0.042000556966411196,0.9482952082163291,0.29365792244451155,0.0,0.0,0.0,0.0,0.0,0.0
1783437194.345362,1783437194,291089296,1.838097541318717,-1.448054739384653,-0.04630731384743868,0.0018414609628978828,-0.0025856119658410693,0.9556420136694974,0.2945136080760826,0.0,0.0,0.0,0.0,0.0,0.0,0.0,0.0,0.0,0.0,2.0443935862009366,-1.6233531742897374,0.020086704247426035,-0.11253839638749602,0.04193996640652214,0.9483446107828537,0.2936301206543166,0.0,0.0,0.0,0.0,0.0,0.0
1783437194.4277747,1783437194,390735149,1.8397510962365915,-1.4456087353711977,-0.046617463039272014,0.001668077349832377,-0.0026754582945065853,0.9556754087611272,0.29440545601282897,0.0,0.0,0.0,0.0,0.0,0.0,0.0,0.0,0.0,0.0,2.0460610313450154,-1.6208653586195314,0.0198437417056732,-0.11271541573854282,0.04183766731078316,0.9483574434604288,0.29353535405821063,0.0,0.0,0.0,0.0,0.0,0.0
1783437194.5292528,1783437194,490846157,1.8370721786138606,-1.4482486460759616,-0.04648992220859768,0.001704381610251806,-0.002409171862898008,0.9556707785794974,0.29442257716336734,0.0,0.0,0.0,0.0,0.0,0.0,0.0,0.0,0.0,0.0,2.043391134769736,-1.6234799425284896,0.020010048673473092,-0.11267895826046777,0.04210403505401869,0.9483549175861372,0.2935194250602448,0.0,0.0,0.0,0.0,0.0,0.0
1783437194.6339178,1783437194,591152429,1.8370754926742818,-1.4476735527900726,-0.04571132502721249,0.0017274520741440657,-0.0023851055195530037,0.9556703397242362,0.29442406313403635,0.0,0.0,0.0,0.0,0.0,0.0,0.0,0.0,0.0,0.0,2.0433978148493823,-1.6229032930619611,0.02078230285937896,-0.11265602159728166,0.04212812264319346,0.9483570914297204,0.2935177494043483,0.0,0.0,0.0,0.0,0.0,0.0
1783437194.727012,1783437194,690896034,1.8392182260045389,-1.4480664521011306,-0.04713860208875307,0.001753459572864625,-0.002632186966950984,0.9556799883692579,0.29439048354495506,0.0,0.0,0.0,0.0,0.0,0.0,0.0,0.0,0.0,0.0,2.045546284386991,-1.6233143373102057,0.019289374749881426,-0.11263141921153959,0.041878912512873574,0.9483720730844637,0.2935144478328284,0.0,0.0,0.0,0.0,0.0,0.0
1783437194.8253603,1783437194,790905714,1.8370768754100668,-1.449732305916527,-0.046151028383208725,0.0017118379417081393,-0.0024248469578396657,0.9556830808730643,0.29438247003016427,0.0,0.0,0.0,0.0,0.0,0.0,0.0,0.0,0.0,0.0,2.043410848491592,-1.6249485840339335,0.02034192228132574,-0.11267340186259354,0.042083686161727286,0.9483682219999289,0.2934814872738066,0.0,0.0,0.0,0.0,0.0,0.0
1783437194.9214563,1783437194,890843391,1.839094552571389,-1.447537428488418,-0.04450965578405163,0.0016464459912141113,-0.002636158426173187,0.9556371028661248,0.29453024888793666,0.0,0.0,0.0,0.0,0.0,0.0,0.0,0.0,0.0,0.0,2.0453575712628744,-1.6228420517312798,0.02197057618722153,-0.11273113363998184,0.04189158272652794,0.9483162955368746,0.29365454265876817,0.0,0.0,0.0,0.0,0.0,0.0
1783437195.0214055,1783437194,991013288,1.835725266258884,-1.4492897091264505,-0.044656607854537046,0.0015053632464144971,-0.00250844968499422,0.9556377274926501,0.29453009244278894,0.0,0.0,0.0,0.0,0.0,0.0,0.0,0.0,0.0,0.0,2.041975410461972,-1.624572493514179,0.02192108034872419,-0.11287136703626768,0.04201815846947547,0.9482985167193122,0.2936400041720316,0.0,0.0,0.0,0.0,0.0,0.0
1783437195.128282,1783437195,91085672,1.8399399615276293,-1.4463364970071602,-0.04409216918792599,0.0015291647528754844,-0.0027301116733070303,0.9556523184783635,0.2944806518811355,0.0,0.0,0.0,0.0,0.0,0.0,0.0,0.0,0.0,0.0,2.0462023984959576,-1.6216272632171362,0.02242639536668404,-0.11284972698355665,0.041792275508650376,0.9483179257547908,0.2936178750002748,0.0,0.0,0.0,0.0,0.0,0.0
1783437195.2365808,1783437195,191143035,1.8385868524434563,-1.4501056152299516,-0.042317324228412626,0.0012391970142679577,-0.0025674503615142753,0.9556476651304261,0.2944985784688377,0.0,0.0,0.0,0.0,0.0,0.0,0.0,0.0,0.0,0.0,2.044812086422167,-1.6253721517952513,0.024380195094501428,-0.11313695197008755,0.041955543878545706,0.9482763558128176,0.2936183159190452,0.0,0.0,0.0,0.0,0.0,0.0
1783437195.3314588,1783437195,290836572,1.8411830379221747,-1.44569870580563,-0.04286980783997965,0.0012317349612574633,-0.0027805948405950345,0.9556229232606257,0.2945769503205133,0.0,0.0,0.0,0.0,0.0,0.0,0.0,0.0,0.0,0.0,2.0473700692479477,-1.6210261175068945,0.02378581361988079,-0.11314040319844809,0.041753376686134186,0.9482526877412066,0.2937222240331436,0.0,0.0,0.0,0.0,0.0,0.0
1783437195.4262972,1783437195,390837907,1.8395552242700586,-1.448990364526245,-0.04184816626648487,0.001069142217463888,-0.0026563797017692386,0.955682453755412,0.2943855434049605,0.0,0.0,0.0,0.0,0.0,0.0,0.0,0.0,0.0,0.0,2.0457964890644726,-1.6242130106156791,0.02491507246874554,-0.11331088244316699,0.04185357310152932,0.9482909761646542,0.2935185630642008,0.0,0.0,0.0,0.0,0.0,0.0
1783437195.52944,1783437195,491105318,1.8390152090086243,-1.4479676175531142,-0.04206235840855962,0.0010924508736011203,-0.0027728914744452496,0.9556554406679949,0.2944720637779079,0.0,0.0,0.0,0.0,0.0,0.0,0.0,0.0,0.0,0.0,2.045223112761473,-1.6232434502311763,0.02466430763933985,-0.11328355092332737,0.041748318997954795,0.9482679567127636,0.29361845518094903,0.0,0.0,0.0,0.0,0.0,0.0
1783437195.6247838,1783437195,590929985,1.8366645463552926,-1.447244300295384,-0.04181791789475199,0.0011042750156558827,-0.002630456050554946,0.9556814776463678,0.29438881527889443,0.0,0.0,0.0,0.0,0.0,0.0,0.0,0.0,0.0,0.0,2.04291016015066,-1.6224663777514303,0.024933377337322843,-0.11327589509780069,0.0418797309680813,0.9482940749122468,0.2935183251692459,0.0,0.0,0.0,0.0,0.0,0.0
1783437195.7223642,1783437195,690904855,1.8377773866997302,-1.4484445645977018,-0.04330925214038379,0.0011336942044151085,-0.0026534900664759277,0.9556992497161407,0.29433079658765543,0.0,0.0,0.0,0.0,0.0,0.0,0.0,0.0,0.0,0.0,2.044047106922574,-1.6236456862414768,0.023422558467099987,-0.11324936182723847,0.041849958696572674,0.9483155807384258,0.2934633236565699,0.0,0.0,0.0,0.0,0.0,0.0
1783437195.8221152,1783437195,790901899,1.8401087233874995,-1.4474633792572296,-0.04074444520084475,0.0008737646436076321,-0.0026257023580407665,0.9556985020704347,0.29433435980666944,0.0,0.0,0.0,0.0,0.0,0.0,0.0,0.0,0.0,0.0,2.0463448488313585,-1.6226524986939315,0.026122572422928383,-0.11350723369225904,0.04187768225821843,0.9482827726405507,0.2934657573574136,0.0,0.0,0.0,0.0,0.0,0.0
1783437195.9259021,1783437195,890904903,1.841316170176372,-1.4490431976082876,-0.04169061273704601,0.0007340031551069879,-0.002564503228667699,0.9556682538230333,0.29443347839094797,0.0,0.0,0.0,0.0,0.0,0.0,0.0,0.0,0.0,0.0,2.047500447758827,-1.6242618533395246,0.02525885637615559,-0.1136414260192911,0.04195013114036389,0.9482349961419813,0.2935578390730265,0.0,0.0,0.0,0.0,0.0,0.0
1783437196.0294297,1783437195,991044759,1.8422153252820457,-1.446949223909832,-0.042597384251416716,0.0007087115537221865,-0.0026081971093844273,0.9556760981224872,0.2944076943850998,0.0,0.0,0.0,0.0,0.0,0.0,0.0,0.0,0.0,0.0,2.0484040444741227,-1.6221613999686686,0.024355363949519405,-0.11366766702859843,0.04190365330912787,0.9482401000384858,0.2935378305953534,0.0,0.0,0.0,0.0,0.0,0.0
1783437196.1300273,1783437196,91082334,1.8392620801787884,-1.4495198983164617,-0.044362059114776434,0.000883256023562839,-0.002348347254211515,0.9556228809022889,0.294582101662644,0.0,0.0,0.0,0.0,0.0,0.0,0.0,0.0,0.0,0.0,2.045419755476566,-1.624780636003114,0.022559176635517778,-0.11348666863867818,0.042182606560758173,0.9482061608853709,0.29367751055207003,0.0,0.0,0.0,0.0,0.0,0.0
1783437196.2297776,1783437196,190869092,1.842061193082855,-1.448927507748475,-0.04333005221622531,0.0005745388656385126,-0.002599099015695751,0.955668311635123,0.2944333417360747,0.0,0.0,0.0,0.0,0.0,0.0,0.0,0.0,0.0,0.0,2.048223589005233,-1.6241444209098619,0.02369132424486764,-0.11379965535027065,0.041915606672569966,0.948215840684641,0.29356334892855684,0.0,0.0,0.0,0.0,0.0,0.0
1783437196.3401475,1783437196,290803432,1.8407124181973,-1.4474308909877402,-0.04256504823525958,0.0007541949967621593,-0.002537727810148712,0.9556572711281984,0.294469304456803,0.0,0.0,0.0,0.0,0.0,0.0,0.0,0.0,0.0,0.0,2.046887241594046,-1.6226623391027497,0.02438005496009945,-0.1136197547646318,0.041981014264655156,0.9482262920627829,0.29358992627370833,0.0,0.0,0.0,0.0,0.0,0.0
1783437196.4291885,1783437196,390951395,1.8418171149479086,-1.450365737187667,-0.040216792761411546,0.00042392779009011903,-0.0023348265502371743,0.9556379393485945,0.2945343744756814,0.0,0.0,0.0,0.0,0.0,0.0,0.0,0.0,0.0,0.0,2.0479336225023674,-1.6255864094070942,0.02693576782658584,-0.11394480470891721,0.042189815090551905,0.9481648144058119,0.2936325692174898,0.0,0.0,0.0,0.0,0.0,0.0
1783437196.5223272,1783437196,491202592,1.8406007943181777,-1.450151635016882,-0.04269764568897736,0.000592245221914586,-0.0026383425826324945,0.9556880053504112,0.2943690283018345,0.0,0.0,0.0,0.0,0.0,0.0,0.0,0.0,0.0,0.0,2.0467874628111247,-1.6253465268611855,0.024306627760127035,-0.11378501958583748,0.04186898110800776,0.9482379702052591,0.2935041900890647,0.0,0.0,0.0,0.0,0.0,0.0
1783437196.6227574,1783437196,591091394,1.8415021146239565,-1.4516864046016573,-0.043295346432595985,0.000627384101805851,-0.0025551282346440237,0.9556363855696356,0.29453722393662957,0.0,0.0,0.0,0.0,0.0,0.0,0.0,0.0,0.0,0.0,2.047635021397028,-1.6269445142677743,0.023709017563665932,-0.1137424306802812,0.0419717358487259,0.9481901220778006,0.2936605612724867,0.0,0.0,0.0,0.0,0.0,0.0
1783437196.7355437,1783437196,690800666,1.8401190173298383,-1.4487974960931072,-0.04427886378671047,0.0005517327323357542,-0.0025059236916816848,0.9555918913393596,0.2946821221993436,0.0,0.0,0.0,0.0,0.0,0.0,0.0,0.0,0.0,0.0,2.0461910340454668,-1.624108865199448,0.02277345042998167,-0.11381083568179534,0.04203782834980498,0.9481361107797341,0.2937989620548775,0.0,0.0,0.0,0.0,0.0,0.0
1783437196.8373117,1783437196,790973424,1.839645999583469,-1.4506080189466095,-0.04336945477472559,0.0003263246454439228,-0.002441649870208873,0.9555529089205722,0.29480937928018847,0.0,0.0,0.0,0.0,0.0,0.0,0.0,0.0,0.0,0.0,2.045644835203309,-1.6259572933050521,0.023808493677411127,-0.11402871247001388,0.04211660221908463,0.9480691247582665,0.29391934136773834,0.0,0.0,0.0,0.0,0.0,0.0
1783437196.9329977,1783437196,890993118,1.8396061100446015,-1.4480622866033874,-0.04156380078102825,0.0006498735893660517,-0.002489758126762256,0.9556494253569161,0.29449542370601317,0.0,0.0,0.0,0.0,0.0,0.0,0.0,0.0,0.0,0.0,2.045759843084877,-1.6232948181022018,0.025443387721966366,-0.1137221484538578,0.04203163517148435,0.948205283379345,0.29361089075057517,0.0,0.0,0.0,0.0,0.0,0.0
1783437197.026367,1783437196,990894556,1.8386126167155081,-1.4488847250521875,-0.04378040587583219,0.000547191324605936,-0.0027237158857664145,0.9556041138112868,0.29464056003947114,0.0,0.0,0.0,0.0,0.0,0.0,0.0,0.0,0.0,0.0,2.044690575507278,-1.624206015049324,0.023227692343393905,-0.11381696888881765,0.0418166983958324,0.9481496570924751,0.29378442621019907,0.0,0.0,0.0,0.0,0.0,0.0
1783437197.1339192,1783437197,91017246,1.8411879433767844,-1.444919300849303,-0.042421111669400706,0.0008137085351959784,-0.0027428943951314805,0.9555909853467649,0.2946823427570036,0.0,0.0,0.0,0.0,0.0,0.0,0.0,0.0,0.0,0.0,2.047284151767591,-1.6202713159870614,0.024450322643471682,-0.11355046891010159,0.041802953896708024,0.9481693746896269,0.29382586842633174,0.0,0.0,0.0,0.0,0.0,0.0
1783437197.222815,1783437197,190896511,1.8378920007111639,-1.4509076337281355,-0.042748864367558065,0.00033829290472020285,-0.0026341755499605696,0.9556333935938286,0.2945467089027229,0.0,0.0,0.0,0.0,0.0,0.0,0.0,0.0,0.0,0.0,2.043980968520861,-1.6261688795568214,0.024382336356922288,-0.11402880005453754,0.04189410519276096,0.9481524558109664,0.29368220451340515,0.0,0.0,0.0,0.0,0.0,0.0
1783437197.330305,1783437197,290856599,1.838991511204363,-1.446676993712661,-0.0433750917111994,0.0005478196474414585,-0.00249358393597384,0.9555963625251036,0.29466773468023116,0.0,0.0,0.0,0.0,0.0,0.0,0.0,0.0,0.0,0.0,2.0450687903126736,-1.6219804180742274,0.023681820650048334,-0.11381540722407678,0.04204834901946615,0.948139975718959,0.2937832123638225,0.0,0.0,0.0,0.0,0.0,0.0
1783437197.4223099,1783437197,390945196,1.837982174710301,-1.4497259730495333,-0.04425483535648656,0.0007762315536200987,-0.002588420493971717,0.9555841241580972,0.2947060895212783,0.0,0.0,0.0,0.0,0.0,0.0,0.0,0.0,0.0,0.0,2.044071032430434,-1.6250669379282636,0.022668208597046942,-0.11358678121077172,0.0419590651316383,0.948156585523813,0.2938308515375462,0.0,0.0,0.0,0.0,0.0,0.0
1783437197.5339408,1783437197,490972995,1.8400778326449072,-1.4465140376143877,-0.04394291076884693,0.0005954657722512358,-0.002544209987877862,0.9555973877947935,0.29466388454613623,0.0,0.0,0.0,0.0,0.0,0.0,0.0,0.0,0.0,0.0,2.046160642733276,-1.6218241523930903,0.023079504103787507,-0.11376822560613457,0.04199769547064996,0.9481472773897169,0.29378516776048,0.0,0.0,0.0,0.0,0.0,0.0
1783437197.623724,1783437197,591094255,1.8376779470870948,-1.4477811158694327,-0.043713901719313025,0.0008161611277517512,-0.002384794731094006,0.9555859285494603,0.2947018489819327,0.0,0.0,0.0,0.0,0.0,0.0,0.0,0.0,0.0,0.0,2.0437816436391945,-1.6230956100670952,0.02323278934736933,-0.11354763405394719,0.042160692027251805,0.9481614669896756,0.2938013671930758,0.0,0.0,0.0,0.0,0.0,0.0
1783437197.7304428,1783437197,691011905,1.8413402542103428,-1.44662237061094,-0.0449244212115255,0.0005929598134247845,-0.0023878032359032444,0.9556255958325977,0.29457370450187687,0.0,0.0,0.0,0.0,0.0,0.0,0.0,0.0,0.0,0.0,2.0474620437163438,-1.6218733601438022,0.022132745531458206,-0.11377513386387832,0.04214212827343969,0.9481736801375097,0.29367657760422955,0.0,0.0,0.0,0.0,0.0,0.0
1783437197.830585,1783437197,790817022,1.8381399589383682,-1.4501275534632858,-0.045337066576684217,0.001020037486185399,-0.002267135601134201,0.9556053773049417,0.2946390715529308,0.0,0.0,0.0,0.0,0.0,0.0,0.0,0.0,0.0,0.0,2.0442975893019484,-1.6254077087092513,0.021533432694846,-0.11334836329798487,0.04227017201202909,0.9482047515596361,0.29372287996591345,0.0,0.0,0.0,0.0,0.0,0.0
1783437197.929225,1783437197,890903949,1.839521471151413,-1.44798183250276,-0.0473861696097537,0.0007753463503063682,-0.002380960737595804,0.9555188969335001,0.2949192558430026,0.0,0.0,0.0,0.0,0.0,0.0,0.0,0.0,0.0,0.0,2.045540348991492,-1.6233880218643364,0.01958140284263074,-0.11357801617499656,0.042190470923870155,0.9480896750837887,0.29401694917893834,0.0,0.0,0.0,0.0,0.0,0.0
1783437198.0247364,1783437197,990973234,1.8380529068736466,-1.4459349104376715,-0.04791761284962768,0.00110827964087467,-0.00235573339064099,0.9555963304430417,0.2946673980613106,0.0,0.0,0.0,0.0,0.0,0.0,0.0,0.0,0.0,0.0,2.0442079437468768,-1.6212420726351315,0.01889005667319458,-0.11325933358013596,0.042185727513450365,0.9482073271726107,0.29376104651113644,0.0,0.0,0.0,0.0,0.0,0.0
1783437198.1238134,1783437198,90984106,1.8380566805801002,-1.4457869302022752,-0.048424924448491655,0.0010927509124846022,-0.0023339259048107187,0.9555502040354608,0.2948171742845107,0.0,0.0,0.0,0.0,0.0,0.0,0.0,0.0,0.0,0.0,2.044155685825064,-1.6211553011632989,0.0183949794463312,-0.11326779761371823,0.04222527831333974,0.9481592923345668,0.29390710820718924,0.0,0.0,0.0,0.0,0.0,0.0
1783437198.2221708,1783437198,191075325,1.8375093461510732,-1.4474842935657675,-0.04844034805749462,0.0009587044149213745,-0.0023368160044681934,0.9555573245229748,0.2947945381571717,0.0,0.0,0.0,0.0,0.0,0.0,0.0,0.0,0.0,0.0,2.043599314752376,-1.622838100251666,0.01844561740371669,-0.11340189944595935,0.04221955604317743,0.9481500014518147,0.2938861906189011,0.0,0.0,0.0,0.0,0.0,0.0
1783437198.332976,1783437198,291089534,1.8380948179127459,-1.448854148494172,-0.048048929392556824,0.0008231467659211063,-0.0021848894053215708,0.9555445507710244,0.29483751487809284,0.0,0.0,0.0,0.0,0.0,0.0,0.0,0.0,0.0,0.0,2.044157673726242,-1.6242017174589385,0.018936849434987482,-0.11353465433343027,0.04237533372682779,0.9481193405200906,0.29391143136781395,0.0,0.0,0.0,0.0,0.0,0.0
1783437198.4272394,1783437198,391134500,1.838323789712044,-1.445209824736753,-0.04464008007693977,0.0010253788241524073,-0.0026175785849119055,0.9555753476823053,0.29473352673637293,0.0,0.0,0.0,0.0,0.0,0.0,0.0,0.0,0.0,0.0,2.044433460155982,-1.6205759505582482,0.022152814132330584,-0.11333816858496419,0.041933680096612656,0.9481786000031271,0.2938594366554715,0.0,0.0,0.0,0.0,0.0,0.0
1783437198.5218632,1783437198,490839004,1.8375829873236555,-1.448534940900711,-0.04609866266813674,0.0009742998230915817,-0.0022802098531788145,0.9555495261673755,0.29482020694685185,0.0,0.0,0.0,0.0,0.0,0.0,0.0,0.0,0.0,0.0,2.04366781416617,-1.6238931457352677,0.02079161461856935,-0.11338530206204428,0.04227882425634494,0.9481436421931598,0.2939045900704677,0.0,0.0,0.0,0.0,0.0,0.0
1783437198.6263766,1783437198,596419811,1.8382981932901683,-1.4449345494207297,-0.048498283556505296,0.0012401985684573757,-0.0026031702075122623,0.9555705591639261,0.294748353467027,0.0,0.0,0.0,0.0,0.0,0.0,0.0,0.0,0.0,0.0,2.0444305751475094,-1.6203134730097528,0.01819084122088959,-0.11312427122251435,0.04194998643522378,0.948199998804289,0.293870481957624,0.0,0.0,0.0,0.0,0.0,0.0
1783437198.7247727,1783437198,690960645,1.8378040092265115,-1.445494200722696,-0.04831059141996002,0.001244201593873354,-0.0025492591434416925,0.955643886779305,0.2945109758592307,0.0,0.0,0.0,0.0,0.0,0.0,0.0,0.0,0.0,0.0,2.0440260700684854,-1.6207639449472917,0.018388309879342417,-0.11313143290989282,0.041975087099940904,0.9482730441424265,0.2936283445166055,0.0,0.0,0.0,0.0,0.0,0.0
1783437198.830365,1783437198,790831804,1.8372188415630926,-1.444177643379359,-0.04742478317041254,0.0015519349164823237,-0.002554177778331834,0.9555865955382901,0.2946953106200236,0.0,0.0,0.0,0.0,0.0,0.0,0.0,0.0,0.0,0.0,2.0434125562866576,-1.619539366921919,0.019119810732322523,-0.1128173771275832,0.04199259786749406,0.9482536961310952,0.2938091028475943,0.0,0.0,0.0,0.0,0.0,0.0
1783437198.917323,1783437198,890900135,1.835126824823203,-1.4469115915162376,-0.04705918897302187,0.0013963400661780264,-0.0023537409777943164,0.9556023106737259,0.29464679528694165,0.0,0.0,0.0,0.0,0.0,0.0,0.0,0.0,0.0,0.0,2.041326433067043,-1.6222207043870949,0.01960565601682243,-0.11297436723942908,0.04218555022471668,0.9482485267577215,0.2937378137062015,0.0,0.0,0.0,0.0,0.0,0.0
1783437199.0179756,1783437198,991041183,1.8365377492325532,-1.4469561012130594,-0.04537770930684794,0.0014692721434487004,-0.0023233640355516017,0.9555608272238343,0.2947811878228129,0.0,0.0,0.0,0.0,0.0,0.0,0.0,0.0,0.0,0.0,2.042698643705691,-1.6223221068536493,0.021257226790519862,-0.11289575296413755,0.04223186027450267,0.9482158686956392,0.2938667815425719,0.0,0.0,0.0,0.0,0.0,0.0
1783437199.1226778,1783437199,91026544,1.8363856832434207,-1.4469408022040904,-0.047698834532511745,0.0014236539561699895,-0.0026147516421443726,0.9556014512378923,0.29464725126037944,0.0,0.0,0.0,0.0,0.0,0.0,0.0,0.0,0.0,0.0,2.042578174691198,-1.6222846337599484,0.018896677770264304,-0.11294686580247099,0.041926590723947985,0.9482533257686221,0.2937699723668378,0.0,0.0,0.0,0.0,0.0,0.0
1783437199.222009,1783437199,191144227,1.8377305063077205,-1.4450896376821099,-0.04694318776293673,0.001622195775261116,-0.002656448279575943,0.9556200728205368,0.29458545141584397,0.0,0.0,0.0,0.0,0.0,0.0,0.0,0.0,0.0,0.0,2.0439693819016855,-1.6204197534686682,0.019544718994676462,-0.11275260548191351,0.041878026137610845,0.9482965451801632,0.2937120073868692,0.0,0.0,0.0,0.0,0.0,0.0
1783437199.3195024,1783437199,291148185,1.839208671115811,-1.4482348685766193,-0.04608638637666365,0.001652051625948252,-0.002574855099467483,0.9556746191947387,0.294409006441096,0.0,0.0,0.0,0.0,0.0,0.0,0.0,0.0,0.0,0.0,2.045519282283078,-1.6234795259280415,0.02040426591801235,-0.11273130202925927,0.04193792009500348,0.9483538043572354,0.2935267043422997,0.0,0.0,0.0,0.6,0.0,0.0
1783437199.4254405,1783437199,390838623,1.8391643225286876,-1.446108195204876,-0.04465124741016753,0.002810641459251563,-0.002947249382058448,0.9555969393571574,0.2946487799175498,0.0,0.0,0.0,0.0,0.0,0.0,0.0,0.0,0.0,0.0,2.045519492246044,-1.621548076354525,0.021183068004500732,-0.11156943485146863,0.041598267143416225,0.9484215605142772,0.29379991308584835,0.0,0.0,0.0,0.6,0.0,0.0
1783437199.5227716,1783437199,490917205,1.8241451880146033,-1.4373809539765796,-0.0443301198648041,0.002944321906758348,-0.0035574517485786115,0.9560055997052119,0.29331206732394105,0.0,0.0,0.0,0.0,0.0,0.0,0.0,0.0,0.0,0.0,2.0309821406285398,-1.6123260101563093,0.021308796980702878,-0.1114979464658632,0.040832820130093775,0.9488503514378539,0.2925472599604724,0.0,0.0,0.0,0.6,0.0,0.0
1783437199.6301105,1783437199,591040134,1.7956116927025434,-1.419141241272465,-0.0465754855820586,0.0020635475909881774,-0.0034239367022589643,0.9560403265732587,0.29320796782232184,0.0,0.0,0.0,0.0,0.0,0.0,0.0,0.0,0.0,0.0,2.0023802256615952,-1.5939912287455449,0.01953064659662273,-0.1123773797694404,0.04095192984533026,0.9487759380029842,0.2924354346255867,0.0,0.0,0.0,0.6,0.0,0.0
1783437199.7186742,1783437199,690928459,1.7655207734395568,-1.3950823365542209,-0.045733322313870346,0.0027936154371087344,-0.0035221481583849017,0.9559505978854207,0.2934931763902643,0.0,0.0,0.0,0.0,0.0,0.0,0.0,0.0,0.0,0.0,1.972273877060615,-1.5700955688618707,0.019987965814776222,-0.11163921748797868,0.04088937425265647,0.9487768084184438,0.29272395187140016,0.0,0.0,0.0,0.6,0.0,0.0
1783437199.8191361,1783437199,790827035,1.7237770153779772,-1.3685978067164568,-0.043754135367655676,0.0010148686629609972,-0.00357215998818211,0.955635080279838,0.29452979994079276,0.0,0.0,0.0,0.0,0.0,0.0,0.0,0.0,0.0,0.0,1.9299218470082942,-1.5439980996827254,0.022840238812566326,-0.11335667155455167,0.040961895030394165,0.9482452618884293,0.29377425257455203,0.0,0.0,0.0,0.6,0.0,0.0
1783437199.923483,1783437199,890911579,1.6839502149828542,-1.3403984873798793,-0.04497043455707813,0.0010218827998121915,-0.0032280205202681956,0.955660758169906,0.2944504218594103,0.0,0.0,0.0,0.0,0.0,0.0,0.0,0.0,0.0,0.0,1.890138793955765,-1.5157206781083585,0.021694131685405606,-0.11335393126418801,0.041293951560302786,0.9482686462828865,0.2936533165287105,0.0,0.0,0.0,0.6,0.0,0.0
1783437200.024785,1783437199,990996837,1.6345834383288362,-1.3132459328669739,-0.04277821654842429,0.002121725159800384,-0.004185045591635463,0.9554305480817664,0.2951786771904734,0.0,0.0,0.0,0.0,0.0,0.0,0.0,0.0,0.0,0.0,1.8406070813984232,-1.4890460786498678,0.023133332455135193,-0.11222673772028714,0.04043246598039391,0.9481824734867074,0.29448322873813326,0.0,0.0,0.0,0.6,0.0,0.0
1783437200.1197455,1783437200,91127157,1.5906774061587288,-1.276456791086394,-0.043067380520106634,0.0012447043984838335,-0.004589330283258478,0.9549945103011778,0.2965853571117852,0.0,0.0,0.0,0.0,0.0,0.0,0.0,0.0,0.0,0.0,1.7960551125717656,-1.4528813525942688,0.02319072734809719,-0.11303086998470349,0.040198606089708946,0.9476444230365173,0.2959360437437988,0.0,0.0,0.0,0.6,0.0,0.0
1783437200.2234478,1783437200,191100597,1.5440850694264392,-1.2426035596339635,-0.04081756203225307,0.0005473832284859454,-0.004314518967931942,0.9547154378489332,0.2974886855505541,0.0,0.0,0.0,0.0,0.0,0.0,0.0,0.0,0.0,0.0,1.7490507730676732,-1.4193548973177537,0.025844196201719564,-0.11368106834808059,0.04057868103285771,0.9472786886016554,0.2968047699515638,0.0,0.0,0.0,0.6,0.0,0.0
1783437200.3341136,1783437200,291198015,1.4982974278221097,-1.2110182012351733,-0.040360851188715983,-0.00013406376561556747,-0.0032961647297815398,0.95451992251228,0.29812888966373563,0.0,0.0,0.0,0.0,0.0,0.0,0.0,0.0,0.0,0.0,1.7029794255199344,-1.3878874857020693,0.02685745795095206,-0.11432887938060107,0.0416652270741626,0.9469915317736026,0.29732129917232686,0.0,0.0,0.0,0.6,0.0,0.0
1783437200.4230952,1783437200,390974998,1.4530158485304054,-1.1795333463845183,-0.04115952756152446,-4.607639872113664e-05,-0.0030952274100397767,0.9543310553768175,0.2987350903185216,0.0,0.0,0.0,0.0,0.0,0.0,0.0,0.0,0.0,0.0,1.657492795900669,-1.356640150114135,0.026057457790524423,-0.11421329538615947,0.04193727180677185,0.9468124232925712,0.29789733716380823,0.0,0.0,0.0,0.6,0.0,0.0
1783437200.5218909,1783437200,491012334,1.405470212414244,-1.1437448826120522,-0.03982081186554443,0.0009852420470503026,-0.003709608880740968,0.9540940156312204,0.2994826830331816,0.0,0.0,0.0,0.0,0.0,0.0,0.0,0.0,0.0,0.0,1.6097775907436584,-1.321290729639106,0.02675044632150981,-0.11315347455901718,0.04141807134041056,0.9467080324615048,0.29870509844080145,0.0,0.0,0.0,0.6,0.0,0.0
1783437200.6207623,1783437200,590825557,1.3596117468316027,-1.1093242880813354,-0.043605512607882896,0.0016203827833342099,-0.0044555307638290825,0.9538640320568035,0.3002014839296862,0.0,0.0,0.0,0.0,0.0,0.0,0.0,0.0,0.0,0.0,1.5637025387624945,-1.2872973515088617,0.022487621651608572,-0.11248781136509389,0.04076443077285083,0.9465633459108312,0.2995038992336307,0.0,0.0,0.0,0.6,0.0,0.0
1783437200.7297654,1783437200,690868616,1.3113528109867303,-1.0773128663134575,-0.03868492832842355,0.0025457444501840428,-0.005205706016837038,0.9536823021275029,0.30075984841538755,0.0,0.0,0.0,0.0,0.0,0.0,0.0,0.0,0.0,0.0,1.5153222890705673,-1.255655016955715,0.026784869040297955,-0.11154144235899534,0.04008767451624368,0.9465022850745656,0.3001414821996127,0.0,0.0,0.0,0.6,0.0,0.0
1783437200.8256369,1783437200,795779705,1.2652078791605006,-1.0420093863429791,-0.040405973637349206,0.002841131723528764,-0.005484520492060681,0.953378912249704,0.30171260776287273,0.0,0.0,0.0,0.0,0.0,0.0,0.0,0.0,0.0,0.0,1.4688471730529113,-1.220805023277345,0.024854452726832392,-0.11120241887703063,0.0399252274717542,0.9462387723015888,0.30111822269734523,0.0,0.0,0.0,0.6,0.0,0.0
1783437200.923725,1783437200,890911340,1.2188583761671745,-1.0107638045277747,-0.03935805744553929,0.003165943172539591,-0.005838031752063427,0.9529721459190432,0.30298512057779997,0.0,0.0,0.0,0.0,0.0,0.0,0.0,0.0,0.0,0.0,1.4220469436713783,-1.1901591078968976,0.025661141393649584,-0.11081862966419129,0.03972690493439854,0.9458765781351832,0.3024210695023754,0.0,0.0,0.0,0.6,0.0,0.0
1783437201.0267146,1783437200,991120100,1.1717845371475022,-0.9782836831550903,-0.03620251085192879,0.002298434969273425,-0.006617334707319594,0.952700513096547,0.3038299860508168,0.0,0.0,0.0,0.0,0.0,0.0,0.0,0.0,0.0,0.0,1.3745138908687868,-1.1581046450579826,0.02907379306510397,-0.11163800617479884,0.039053558375009984,0.9455067849179613,0.30336231610018005,0.0,0.0,0.0,0.6,0.0,0.0
1783437201.1251156,1783437201,90957403,1.123489840821957,-0.9435818263728412,-0.039065906341124466,0.0027946585250735907,-0.006481987162262769,0.9524296291781638,0.30467683730421985,0.0,0.0,0.0,0.0,0.0,0.0,0.0,0.0,0.0,0.0,1.325968196942188,-1.123764425398884,0.025991847724545332,-0.1111050323788085,0.03928968558373705,0.9452965670394595,0.3041815128015635,0.0,0.0,0.0,0.6,0.0,0.0
1783437201.2240944,1783437201,191200494,1.0784314684783072,-0.9127470308215002,-0.03728893129915753,0.0033351371705888444,-0.006537830710563051,0.9523918158338323,0.30478839013713954,0.0,0.0,0.0,0.0,0.0,0.0,0.0,0.0,0.0,0.0,1.2809333166561365,-1.0930042446063146,0.02748840591146784,-0.11056296324249232,0.03924817389851852,0.9453255685453953,0.30429423500782254,0.0,0.0,0.0,0.6,0.0,0.0
1783437201.322738,1783437201,290881156,1.0323696089037409,-0.8810423413136746,-0.0368405111570377,0.003137734565435196,-0.006737016818504755,0.9523939816491426,0.30477938077349787,0.0,0.0,0.0,0.0,0.0,0.0,0.0,0.0,0.0,0.0,1.2348418396637921,-1.0613133958038765,0.027990868105162138,-0.11075900102121143,0.039049194555430405,0.9453053271458928,0.3043114236550316,0.0,0.0,0.0,0.6,0.0,0.0
1783437201.4207876,1783437201,390828132,0.9870896001399867,-0.8462779240724668,-0.03673261212965452,0.002965594619882274,-0.006973579809651328,0.95232924967581,0.3049779904273385,0.0,0.0,0.0,0.0,0.0,0.0,0.0,0.0,0.0,0.0,1.1894553970826918,-1.026656704427888,0.02813143706737442,-0.11091990101244271,0.03883796998590934,0.9452218900559515,0.3045389403767905,0.0,0.0,0.0,0.6,0.0,0.0
1783437201.5346105,1783437201,490938186,0.9404374510733624,-0.8144596730682867,-0.03849617562153726,0.002367876976966192,-0.007648209250532625,0.9522411562401963,0.3052419997579234,0.0,0.0,0.0,0.0,0.0,0.0,0.0,0.0,0.0,0.0,1.1426002012512284,-0.9950132690666996,0.026514488623367194,-0.11149924537544145,0.03819932473249288,0.9450669799009747,0.30488872293271113,0.0,0.0,0.0,0.6,0.0,0.0
1783437201.627295,1783437201,590995550,0.8940582194923126,-0.7840419151763339,-0.03591665712086149,0.0018489888535126015,-0.008199406231216011,0.9521628578723025,0.3054754377460238,0.0,0.0,0.0,0.0,0.0,0.0,0.0,0.0,0.0,0.0,1.096044174130307,-0.9647448459254846,0.029228488520589097,-0.11200196023886681,0.03767960945119764,0.9449303811734963,0.30519236993995735,0.0,0.0,0.0,0.6,0.0,0.0
1783437201.7226875,1783437201,690903663,0.8497258871370137,-0.7508914482217557,-0.03761378668897089,0.0018461970899621184,-0.008453633543818275,0.9518934798887063,0.3063069221901147,0.0,0.0,0.0,0.0,0.0,0.0,0.0,0.0,0.0,0.0,1.0513859523294502,-0.9319788646432512,0.027473314747259503,-0.11196412457872698,0.03752669472597892,0.9446640397189672,0.30604841782323294,0.0,0.0,0.0,0.6,0.0,0.0
1783437201.8257334,1783437201,790882110,0.8000943657826318,-0.7201580240677178,-0.03810687373114966,0.001589166326331863,-0.008608753672037343,0.951768013749523,0.3066936776555547,0.0,0.0,0.0,0.0,0.0,0.0,0.0,0.0,0.0,0.0,1.0015686107513873,-0.9014193627532914,0.027071502784254,-0.11220026391411797,0.03741869718024185,0.944509010822999,0.3064533738647622,0.0,0.0,0.0,0.6,0.0,0.0
1783437201.935316,1783437201,890909910,0.7561152840639113,-0.6841839318501731,-0.03590110966113738,0.0024151755682167045,-0.009178062932963174,0.9516897058555114,0.30691470127125475,0.0,0.0,0.0,0.0,0.0,0.0,0.0,0.0,0.0,0.0,0.9575864236079561,-0.8656404853548938,0.028741478266733442,-0.11136833727237841,0.03688095435708254,0.9445371970575788,0.3067350192487144,0.0,0.0,0.0,0.6,0.0,0.0
1783437202.0235963,1783437201,991067171,0.7065883024765239,-0.6536692551550862,-0.03638203989742081,0.002596088736232157,-0.009362275174877081,0.9518939742182999,0.30627352150278087,0.0,0.0,0.0,0.0,0.0,0.0,0.0,0.0,0.0,0.0,0.908318034701578,-0.8348837780827829,0.028132895346252587,-0.11121926640135685,0.036621656347423315,0.9447643950051728,0.306119857242266,0.0,0.0,0.0,0.0,0.0,0.0
1783437202.1255062,1783437202,90952396,0.663879513804331,-0.6228602359099115,-0.034604448423293445,-0.0036403378066989286,-0.007805099248698161,0.9523450793434106,0.304901095794627,0.0,0.0,0.0,0.0,0.0,0.0,0.0,0.0,0.0,0.0,0.8653866531833638,-0.8030647032539363,0.033343971584351935,-0.11747760544984392,0.03799625641319627,0.9444364486326373,0.30462286718256315,0.0,0.0,0.0,0.0,0.0,0.0
1783437202.2226675,1783437202,190891504,0.6449923220000064,-0.6143987813114122,-0.035171952550578145,-0.0013396774604358776,-0.007847135034688408,0.9527626767330394,0.3036114450420855,0.0,0.0,0.0,0.0,0.0,0.0,0.0,0.0,0.0,0.0,0.8472862821848828,-0.7941474254593129,0.03163630781227694,-0.11525681631460308,0.03780288492427913,0.9451342779149664,0.30332821315297814,0.0,0.0,0.0,0.0,0.0,0.0
1783437202.3330104,1783437202,290826082,0.6340118680904014,-0.6043493804755767,-0.035642379350839776,-0.001677004367329655,-0.007978543876214711,0.9526244145570333,0.30403989094169415,0.0,0.0,0.0,0.0,0.0,0.0,0.0,0.0,0.0,0.0,0.8360951167051278,-0.7842843379803246,0.031301901585498615,-0.11557073554105325,0.03772332166761603,0.9449564658975217,0.30377233851575036,0.0,0.0,0.0,0.0,0.0,0.0
1783437202.4259377,1783437202,390818119,0.6329157044879604,-0.6048308790578615,-0.03663975318945962,-0.0010295476234207742,-0.008191631998263218,0.9519662633113743,0.30609160510192934,0.0,0.0,0.0,0.0,0.0,0.0,0.0,0.0,0.0,0.0,0.8342993127368523,-0.7856874719379077,0.029928258599072423,-0.11482922938116782,0.037757866059077466,0.9443821877127743,0.3058281791484009,0.0,0.0,0.0,0.0,0.0,0.0
1783437202.530842,1783437202,491006135,0.6367623956916885,-0.5985515580106108,-0.03505047880332437,-0.0005201045635741273,-0.008418037388407644,0.9519031206607821,0.30628306354422336,0.0,0.0,0.0,0.0,0.0,0.0,0.0,0.0,0.0,0.0,0.838130069553866,-0.7795370047083335,0.031214844405435378,-0.11431396778815375,0.03755660472756001,0.9443836742643382,0.3060413272629286,0.0,0.0,0.0,0.0,0.0,0.0
1783437202.6257403,1783437202,590845823,0.6344637205190121,-0.6026856237471697,-0.03789247413197025,0.0006605846058660825,-0.008457555492809956,0.95178472974488,0.3066494115558194,0.0,0.0,0.0,0.0,0.0,0.0,0.0,0.0,0.0,0.0,0.8358426538758279,-0.7838749437241744,0.027778832991778607,-0.11312442857219689,0.03756246868568709,0.9444106491339727,0.30639916842054105,0.0,0.0,0.0,0.0,0.0,0.0
1783437202.7468793,1783437202,690994977,0.6341134919511402,-0.5997914272810216,-0.03613934245213051,0.0006150928195729741,-0.008510228576231653,0.9517376707769252,0.30679407376042467,0.0,0.0,0.0,0.0,0.0,0.0,0.0,0.0,0.0,0.0,0.8354294946943877,-0.7810469658275384,0.029542175790773707,-0.11316247897872814,0.037527435044135575,0.944358685689671,0.30654953552872066,0.0,0.0,0.0,0.0,0.0,0.0
1783437202.8281415,1783437202,790954113,0.634345731725367,-0.6040735028131097,-0.03872701393410996,0.0004992700411443628,-0.008247895758590834,0.9517220126618869,0.3068500180214899,0.0,0.0,0.0,0.0,0.0,0.0,0.0,0.0,0.0,0.0,0.8356365456719763,-0.7853152584509787,0.027069637097796362,-0.11327530087372206,0.037794367606215816,0.9443265869277128,0.30657395390129116,0.0,0.0,0.0,0.0,0.0,0.0
1783437202.933755,1783437202,890849351,0.6350682094823799,-0.6009742164114104,-0.03764194187888531,0.0006138243050409032,-0.008388335494562603,0.9517276048311449,0.3068286578038716,0.0,0.0,0.0,0.0,0.0,0.0,0.0,0.0,0.0,0.0,0.836375978341829,-0.7822289395067609,0.02806705754629607,-0.11316233283535594,0.03765254944059619,0.9443474244624575,0.30656893818357867,0.0,0.0,0.0,0.0,0.0,0.0
1783437203.0223718,1783437202,991007804,0.6338201306942141,-0.6041420225816734,-0.04022981225845508,0.0007254772467451011,-0.008245134250511408,0.9516813020599894,0.306975879758262,0.0,0.0,0.0,0.0,0.0,0.0,0.0,0.0,0.0,0.0,0.8350922218168414,-0.7854450932642993,0.02545509429682266,-0.11304471011534771,0.037812400863667606,0.9443137109568829,0.3066964805058956,0.0,0.0,0.0,0.0,0.0,0.0
1783437203.138619,1783437203,91009855,0.6332019079267207,-0.603233801327186,-0.03949889706406339,0.0006274414203645793,-0.00814509615358382,0.9517371163474178,0.3068056796941916,0.0,0.0,0.0,0.0,0.0,0.0,0.0,0.0,0.0,0.0,0.8345302462229657,-0.784448544807362,0.026257334559158137,-0.11315045159834204,0.03789123637155459,0.9443564040333656,0.3065162502551815,0.0,0.0,0.0,0.0,0.6,0.0
1783437203.2263296,1783437203,190921783,0.6289703672546344,-0.6075576861188042,-0.03905730473568847,0.003454121745297072,-0.005076636539840055,0.9513998367121972,0.30789713786980194,0.0,0.0,0.0,0.0,0.0,0.0,0.0,0.0,0.0,0.0,0.8303697337965477,-0.7889541452476698,0.025976415940787617,-0.11029754781868292,0.0410701986184535,0.9443393335845495,0.3071984908421839,0.0,0.0,0.0,0.0,0.6,0.0
1783437203.3270938,1783437203,291100025,0.6193181193824727,-0.6256012799594322,-0.03893839750789342,0.00259076836592303,-0.006429073799981283,0.9513149468556491,0.3081425430192689,0.0,0.0,0.0,0.0,0.0,0.0,0.0,0.0,0.0,0.0,0.8204589939050726,-0.8072387493927691,0.02622250600899584,-0.11114033694107095,0.03975633081252823,0.944161104712359,0.3076151296885243,0.0,0.0,0.0,0.0,0.6,0.0
1783437203.4332201,1783437203,390948534,0.6016834758718103,-0.6505682447077684,-0.0377735658066243,0.00249502644607564,-0.007099788911908359,0.9518517488603274,0.30646633751845576,0.0,0.0,0.0,0.0,0.0,0.0,0.0,0.0,0.0,0.0,0.8034213992779918,-0.8315769561208818,0.02729118429145775,-0.11131515901687178,0.03889015658426355,0.9446898921818482,0.3060351265841032,0.0,0.0,0.0,0.0,0.6,0.0
1783437203.552369,1783437203,490922451,0.5768278206676868,-0.6802404531243194,-0.03680302985494309,0.0033787187952379256,-0.006939065616470951,0.9524753669088006,0.3045178304461313,0.0,0.0,0.0,0.0,0.0,0.0,0.0,0.0,0.0,0.0,0.779420626645581,-0.8604346242992728,0.02786520572926736,-0.11053189385242777,0.03881764135598369,0.94541766744396,0.3040745389633531,0.0,0.0,0.0,0.0,0.6,0.0
1783437203.626855,1783437203,590857982,0.5550876914192778,-0.7138580200321584,-0.04190513756041405,0.0021271037963819144,-0.006244072250235522,0.9534520314467201,0.30147257042937764,0.0,0.0,0.0,0.0,0.0,0.0,0.0,0.0,0.0,0.0,0.7586953944535093,-0.8926204794168549,0.023544472315115035,-0.11192129386977884,0.03914190393849715,0.9462309205177859,0.3009793687126206,0.0,0.0,0.0,0.0,0.6,0.0
1783437203.7238662,1783437203,691068172,0.5257387182154912,-0.7526255961009908,-0.037416239807396744,0.0035526736465617864,-0.006215302047180515,0.9543639065734857,0.29856034961162975,0.0,0.0,0.0,0.0,0.0,0.0,0.0,0.0,0.0,0.0,0.7306124643183776,-0.9301903304896287,0.027339287464509192,-0.11064391324151095,0.03882361228083518,0.947313320546244,0.29807402487926005,0.0,0.0,0.0,0.0,0.6,0.0
1783437203.8208394,1783437203,790995121,0.501094408007733,-0.7883091899385875,-0.04210451329586789,0.0035933068738657524,-0.004793513823054927,0.9552089655729675,0.2958714965317881,0.0,0.0,0.0,0.0,0.0,0.0,0.0,0.0,0.0,0.0,0.7070247637036249,-0.9645399125923442,0.02294305429046222,-0.11073236491295041,0.03991304671406904,0.9481473204178593,0.29523202883023886,0.0,0.0,0.0,0.0,0.6,0.0
1783437203.9345412,1783437203,890871524,0.4718318588452428,-0.8290185402018573,-0.038158689094445385,0.0034013005203576917,-0.005521784023451701,0.9560402809707891,0.2931636440919364,0.0,0.0,0.0,0.0,0.0,0.0,0.0,0.0,0.0,0.0,0.6787023151682559,-1.0041652706825583,0.02683363472636486,-0.11104783729637671,0.03886597540008833,0.9489582465711828,0.29263639563892896,0.0,0.0,0.0,0.0,0.6,0.0
1783437204.0304763,1783437203,995939731,0.44417019569979627,-0.8675289228522729,-0.0395525836140553,0.004557591057446223,-0.0063848046521432136,0.9568191774654868,0.29057791428044966,0.0,0.0,0.0,0.0,0.0,0.0,0.0,0.0,0.0,0.0,0.6520931506737363,-1.0417051200826843,0.02468496121961438,-0.11001756174185295,0.03770112804072336,0.9498832457030568,0.290166470470764,0.0,0.0,0.0,0.0,0.6,0.0
1783437204.123498,1783437204,90966701,0.4175546909587994,-0.9100994412270152,-0.03892684059361641,0.003424663664072097,-0.005298360831722393,0.9579742051812676,0.2867849739065901,0.0,0.0,0.0,0.0,0.0,0.0,0.0,0.0,0.0,0.0,0.6267476215087693,-1.0824471326598746,0.026114347269763194,-0.11131804547346366,0.038324070338489086,0.9508853941311683,0.28628050162851004,0.0,0.0,0.0,0.0,0.0,0.0
1783437204.2289786,1783437204,191063165,0.39287202162365287,-0.9403765936925093,-0.03767682177964114,0.005196920437776706,-0.0077570184865524555,0.9609388219087068,0.2766033283076498,0.0,0.0,0.0,0.0,0.0,0.0,0.0,0.0,0.0,0.0,0.605796623907163,-1.1086185421396992,0.025990482059159145,-0.11000945962697609,0.03466588781610297,0.954077391392329,0.27646433087924877,0.0,0.0,0.0,0.0,0.0,0.0
1783437204.3305438,1783437204,291050672,0.3764569499672202,-0.9537891693046485,-0.039911940736391524,0.004175351114717952,-0.007387367675714297,0.9646310413153378,0.26346716564456335,0.0,0.0,0.0,0.0,0.0,0.0,0.0,0.0,0.0,0.0,0.5937619362804722,-1.116086408104097,0.024383582081858493,-0.11159186512676121,0.033456376960074134,0.9576277179670262,0.26339529278159474,0.0,0.0,0.0,0.0,0.0,0.0
1783437204.4228318,1783437204,390893697,0.37610804233744627,-0.9543141502919607,-0.03839819653682202,0.005006605607779248,-0.00684529762545899,0.9661471006784675,0.25785239120725306,0.0,0.0,0.0,0.0,0.0,0.0,0.0,0.0,0.0,0.0,0.5954035428439991,-1.1140311573076345,0.025599664212860133,-0.11100273068131025,0.033321398420958076,0.9592353960816271,0.2577509128842969,0.0,0.0,0.0,0.0,0.0,0.0
1783437204.5229943,1783437204,490789175,0.3776010870945779,-0.9519427004226105,-0.038292055632711305,0.005051518603347373,-0.0066903671490358115,0.9659269627930086,0.25867899740157707,0.0,0.0,0.0,0.0,0.0,0.0,0.0,0.0,0.0,0.0,0.5966349227037883,-1.1120161592827942,0.02571131677729946,-0.11092406767618082,0.033574438948172046,0.9590201473001309,0.25855166859241296,0.0,0.0,0.0,0.0,0.0,0.0
1783437204.6237562,1783437204,595939636,0.3751487502056319,-0.9520939764856918,-0.03937842747594848,0.004995621390576513,-0.006799098603754484,0.9656861757697706,0.25957470206523275,0.0,0.0,0.0,0.0,0.0,0.0,0.0,0.0,0.0,0.0,0.5938753857648226,-1.1125850708386675,0.02462963907305213,-0.1109420262597738,0.03357397597978835,0.9587743231032453,0.259454142969809,0.0,0.0,0.0,0.0,0.0,0.0
1783437204.7283227,1783437204,691038846,0.3755916556474705,-0.9533695953340565,-0.03778592528249418,0.0051168073129976245,-0.006678010309639505,0.9657224240657127,0.25944059458355717,0.0,0.0,0.0,0.0,0.0,0.0,0.0,0.0,0.0,0.0,0.5943821886700591,-1.1137884018924948,0.026184960400431168,-0.11082751194504281,0.03367818652775888,0.9588242060796277,0.25930519505795585,0.0,0.0,0.0,0.0,0.0,0.0
1783437204.8239574,1783437204,790822029,0.37477393719168367,-0.954918293062999,-0.039384808420948776,0.005115897223746778,-0.006604406984281591,0.965733282107591,0.2594020763866052,0.0,0.0,0.0,0.0,0.0,0.0,0.0,0.0,0.0,0.0,0.5935797172406765,-1.1153103176137689,0.024601081669421924,-0.11083016529653406,0.033746613727593175,0.9588342615112353,0.25925797861294,0.0,0.0,0.0,0.0,0.0,0.0
1783437204.9238577,1783437204,890901327,0.37816281306475236,-0.9525148215819208,-0.037144173827652394,0.004882857739044904,-0.006908334177889015,0.9656972466639369,0.2595327732770535,0.0,0.0,0.0,0.0,0.0,0.0,0.0,0.0,0.0,0.0,0.596885327424895,-1.112997297461279,0.026899574505876767,-0.11105554432376405,0.03346040884524551,0.9587725197391513,0.2594269116878589,0.0,0.0,0.0,0.0,0.0,0.0
1783437205.027903,1783437204,995779752,0.3746785142338495,-0.9515266977880911,-0.040856892944429554,0.0050798190156630925,-0.006719265604324403,0.9657254009677856,0.2594291749863852,0.0,0.0,0.0,0.0,0.0,0.0,0.0,0.0,0.0,0.0,0.593466734574045,-1.1119444159994227,0.023124630773280544,-0.11086464102015685,0.03363583128298582,0.9588230104064872,0.2592992420745106,0.0,0.0,0.0,0.0,0.0,0.0
1783437205.1281855,1783437205,90989589,0.3771970521804202,-0.9515529312277553,-0.03894268425906176,0.004981122580892813,-0.006998280465808223,0.965746883135797,0.25934372982944737,0.0,0.0,0.0,0.0,0.0,0.0,0.0,0.0,0.0,0.0,0.5959913209248008,-1.111964252684924,0.02503419411099206,-0.11096567232107485,0.033348549218604674,0.9588348109860653,0.25924949194292146,0.0,0.0,0.0,0.0,0.0,0.0
1783437205.2233932,1783437205,191137075,0.3773282477796651,-0.9528895646363654,-0.036599119741899264,0.004740139098365375,-0.006825313341746021,0.9656919926007447,0.25955716442802795,0.0,0.0,0.0,0.0,0.0,0.0,0.0,0.0,0.0,0.0,0.5960276991246858,-1.1133681596624527,0.027533052939524405,-0.11119641574532048,0.033545585436087925,0.9587490749950601,0.25944221325617095,0.0,0.0,0.0,0.0,0.0,0.0
1783437205.3235798,1783437205,291114807,0.37536011055746743,-0.952590897808308,-0.03726762145731656,0.004856708627213202,-0.006804201164696702,0.9657099247953719,0.2594888367146801,0.0,0.0,0.0,0.0,0.0,0.0,0.0,0.0,0.0,0.0,0.5940975834744385,-1.113039492455627,0.02680992118125229,-0.1110835499330306,0.033558460272945886,0.9587810279678699,0.25937080615840263,0.0,0.0,0.0,0.0,0.0,0.0
1783437205.4221277,1783437205,390842914,0.37815414086809046,-0.953126413716672,-0.0367416892556851,0.004604477018028358,-0.006917422721544979,0.9657256456372248,0.2594319282834077,0.0,0.0,0.0,0.0,0.0,0.0,0.0,0.0,0.0,0.0,0.5968747603704763,-1.1135558245514052,0.02744132872191559,-0.11133617896985228,0.03343899268089261,0.9587668195908028,0.2593304352994789,0.0,0.0,0.0,0.0,0.0,0.0
1783437205.5333664,1783437205,490917444,0.3765630672939461,-0.9521923403080897,-0.03602671830069838,0.004780325724615883,-0.006850453462002174,0.9657266737722466,0.2594266974274705,0.0,0.0,0.0,0.0,0.0,0.0,0.0,0.0,0.0,0.0,0.59530989254327,-1.1126163153597235,0.028080533433988683,-0.11116190481587093,0.03350501636968274,0.9587887777553413,0.2593154921060315,0.0,0.0,0.0,0.0,0.0,0.0
1783437205.6257513,1783437205,590870857,0.3771678694855578,-0.9527180265366652,-0.03592517716319067,0.0046640163491125,-0.00690453671080128,0.9657486345753453,0.2593456171601148,0.0,0.0,0.0,0.0,0.0,0.0,0.0,0.0,0.0,0.0,0.5959250129440777,-1.1131085729390326,0.028230491827309148,-0.11128068131221625,0.03344148480805394,0.958796902761314,0.2592426977097585,0.0,0.0,0.0,0.0,0.0,0.0
1783437205.7311478,1783437205,690862417,0.3767631140646309,-0.953483896619174,-0.03318070339696145,0.004639683457931386,-0.0068263216325371275,0.9657340160836013,0.25940255366788073,0.0,0.0,0.0,0.0,0.0,0.0,0.0,0.0,0.0,0.0,0.595501111652428,-1.1138895465973797,0.031002479130474846,-0.1113026225300022,0.03352592197770242,0.9587786622580393,0.2592898292879483,0.0,0.0,0.0,0.0,0.0,0.0
1783437205.8302007,1783437205,790888547,0.378051604643925,-0.9517720961409802,-0.03533919555975778,0.004674312986518337,-0.006765210300594419,0.9657654999696398,0.2592862931126222,0.0,0.0,0.0,0.0,0.0,0.0,0.0,0.0,0.0,0.0,0.5968346085671598,-1.1121184411495308,0.028838774879675143,-0.11127320375826666,0.03357265690655042,0.9588137331383836,0.25916669535039205,0.0,0.0,0.0,0.0,0.0,0.0
1783437205.9288018,1783437205,895779609,0.3746788197417221,-0.9531093553734787,-0.03515755882847875,0.004739302207575368,-0.0068745863219503,0.9657155901975223,0.2594680672586488,0.0,0.0,0.0,0.0,0.0,0.0,0.0,0.0,0.0,0.0,0.5934059360161887,-1.11355384785328,0.028965592155818357,-0.1112008692120297,0.03348598695605459,0.95877292489122,0.25935985398593014,0.0,0.0,0.0,0.0,0.0,0.0
1783437206.0225255,1783437205,991064786,0.37672924844725697,-0.9513750914699713,-0.03456142183167167,0.004715319290409086,-0.006820791527369428,0.965768555472381,0.2592727132340006,0.0,0.0,0.0,0.0,0.0,0.0,0.0,0.0,0.0,0.0,0.5955199369942807,-1.1117236014682383,0.0295849342570023,-0.11123294094564487,0.033515905400165066,0.9588222914087555,0.25915966204533747,0.0,0.0,0.0,0.0,0.0,0.0
1783437206.1206732,1783437206,90981960,0.3762941236220758,-0.9522020207662418,-0.03758445589199332,0.004974971756431048,-0.006904233943738737,0.9657531473740132,0.259323040910098,0.0,0.0,0.0,0.0,0.0,0.0,0.0,0.0,0.0,0.0,0.5950977983545201,-1.1125918818783014,0.026414055255008083,-0.11097282906373175,0.03343940108504571,0.9588394655433184,0.2592175090175596,0.0,0.0,0.0,0.0,0.0,0.0
1783437206.2210102,1783437206,191200971,0.3765142760934484,-0.951809566765245,-0.03566004247174772,0.004714405312962763,-0.006689686537900425,0.965758564791767,0.2593133567865645,0.0,0.0,0.0,0.0,0.0,0.0,0.0,0.0,0.0,0.0,0.5952960321929675,-1.112159824534306,0.028512405544564072,-0.1112324086020119,0.033650904825609715,0.9588110601663403,0.2591839477739917,0.0,0.0,0.0,0.0,0.0,0.0
1783437206.328603,1783437206,290969371,0.37881914817612994,-0.9520222631829205,-0.03789589640709906,0.004650441278204656,-0.006911763158985359,0.9657279086200468,0.2594228352290962,0.0,0.0,0.0,0.0,0.0,0.0,0.0,0.0,0.0,0.0,0.5975487600611216,-1.112448257622051,0.026265012609661673,-0.11129092580172449,0.03344356660769321,0.9587746515217717,0.25932031406362527,0.0,0.0,0.0,0.0,0.0,0.0
1783437206.4354696,1783437206,396419763,0.3770695280838756,-0.9518815131493255,-0.035618276662146425,0.0046556562888881515,-0.006602513646976174,0.9657547505238279,0.2593308572436385,0.0,0.0,0.0,0.0,0.0,0.0,0.0,0.0,0.0,0.0,0.595841187639158,-1.112226818704982,0.02860094954535916,-0.11129018691624064,0.03373946299557126,0.9587992933247466,0.25919116121674646,0.0,0.0,0.0,0.0,0.0,0.0
1783437206.527735,1783437206,490833520,0.3782654000566686,-0.9528464209959576,-0.03753284268924484,0.004596431934289151,-0.0069690763551950455,0.9657153655013626,0.25946895309997825,0.0,0.0,0.0,0.0,0.0,0.0,0.0,0.0,0.0,0.0,0.5969709177797649,-1.1132988896962415,0.026643997825515145,-0.11134252099308321,0.033392161786450325,0.9587560489925728,0.2593735627821076,0.0,0.0,0.0,0.0,0.0,0.0
1783437206.6286778,1783437206,590874671,0.37835737336256425,-0.953460365732513,-0.03702313453956262,0.004724199464976359,-0.006772739030049567,0.9658192002362722,0.2590850910423321,0.0,0.0,0.0,0.0,0.0,0.0,0.0,0.0,0.0,0.0,0.5972129614341007,-1.1137181126442601,0.027128647802257856,-0.11123203931369892,0.03354108669196197,0.9588734198917288,0.2589675531003422,0.0,0.0,0.0,0.0,0.0,0.0
1783437206.7337275,1783437206,696419715,0.37885357312797097,-0.9523190213984437,-0.03651943964816227,0.0046461510988108305,-0.007030667011449467,0.965763556783734,0.2592869749713096,0.0,0.0,0.0,0.0,0.0,0.0,0.0,0.0,0.0,0.0,0.5976234249323659,-1.1126984623578562,0.02762065632954435,-0.11130061921641111,0.03330924249964305,0.9588107052294811,0.25920011200516196,0.0,0.0,0.0,0.0,0.0,0.0
1783437206.8287082,1783437206,790829658,0.37616681387551776,-0.9524726200434537,-0.037078462748448546,0.004573879129011462,-0.007057897760565646,0.9657145025733428,0.25947016250127053,0.0,0.0,0.0,0.0,0.0,0.0,0.0,0.0,0.0,0.0,0.5948659517592838,-1.1129362030361596,0.027092330257719302,-0.11136469006548723,0.033304127633328476,0.9587532165072986,0.2593858337035967,0.0,0.0,0.0,0.0,0.0,0.0
1783437206.929495,1783437206,896099805,0.3788515103970794,-0.9529324045712823,-0.036872690314543585,0.004558766891485187,-0.007019998818518701,0.9657369845997438,0.25938776732377233,0.0,0.0,0.0,0.0,0.0,0.0,0.0,0.0,0.0,0.0,0.5975773755087204,-1.1133534276004486,0.02731341686169768,-0.11138321023710525,0.033331836989883006,0.958773433399316,0.25929958065497166,0.0,0.0,0.0,0.0,0.0,0.0
1783437207.0335016,1783437206,991084098,0.3754927620864668,-0.9543435818732497,-0.03650274750644351,0.004473561968559946,-0.006965244350891725,0.9657454730159584,0.25935912161254127,0.0,0.0,0.0,0.0,0.0,0.0,0.0,0.0,0.0,0.0,0.5942193225646981,-1.1147420721925647,0.02773727971683295,-0.11146912322394743,0.033382653312335,0.9587709750862193,0.2592652123940526,0.0,0.0,0.0,0.0,0.0,0.0
1783437207.1464536,1783437207,91026782,0.37585355603904874,-0.9522022616321019,-0.03625685990556535,0.0046475400817488546,-0.00730545748188026,0.9656963378146632,0.25952960099672023,0.0,0.0,0.0,0.0,0.0,0.0,0.0,0.0,0.0,0.0,0.594533509131971,-1.1127263749804785,0.02782786683954047,-0.11128856656268538,0.033065634553120477,0.958746330720737,0.25947445364340865,0.0,0.0,0.0,0.0,0.0,0.0
1783437207.2287726,1783437207,196579694,0.37603761311365114,-0.953305293729189,-0.03621372527390687,0.004501145938652704,-0.007170115907031293,0.9657151036297276,0.25946612061027036,0.0,0.0,0.0,0.0,0.0,0.0,0.0,0.0,0.0,0.0,0.5947249672057893,-1.113779039820414,0.02797181070289184,-0.11143686030221614,0.033192189029929264,0.9587459073834755,0.25939620241788786,0.0,0.0,0.0,0.0,0.0,0.0
1783437207.3323603,1783437207,290911436,0.37739781502396674,-0.9524738625062398,-0.03781224988919664,0.004693555318372724,-0.0069529749311553505,0.9656723664205965,0.2596276322153044,0.0,0.0,0.0,0.0,0.0,0.0,0.0,0.0,0.0,0.0,0.5960635440667229,-1.1129990879642513,0.026318210789443172,-0.11123948233364463,0.03342728999467143,0.9587249476600347,0.2595281653077727,0.0,0.0,0.0,0.0,0.0,0.0
1783437207.4290369,1783437207,390757322,0.3756276869278717,-0.9546337500145705,-0.03765577851213887,0.00469560826536047,-0.006937318637338222,0.9656937147217453,0.25954859702964844,0.0,0.0,0.0,0.0,0.0,0.0,0.0,0.0,0.0,0.0,0.5943204160641252,-1.1151212905844452,0.02647693231291543,-0.11124077431617276,0.033433344825416086,0.9587463335933849,0.25944781634187036,0.0,0.0,0.0,0.0,0.0,0.0
1783437207.5310214,1783437207,496099710,0.37677782836923535,-0.9525235578164907,-0.03682877998925854,0.0045351502518507295,-0.007038930532443021,0.9656805596785545,0.2595976550896911,0.0,0.0,0.0,0.0,0.0,0.0,0.0,0.0,0.0,0.0,0.5954305259535105,-1.1130412363551876,0.027364971799112653,-0.11139786421255062,0.03333821451502738,0.9587144827328606,0.25951034642205567,0.0,0.0,0.0,0.0,0.0,0.0
1783437207.6255646,1783437207,596419811,0.37706485839365683,-0.9517767391495566,-0.03690124856247416,0.004693105845498865,-0.007128706059009337,0.9657156046775499,0.25946199565585965,0.0,0.0,0.0,0.0,0.0,0.0,0.0,0.0,0.0,0.0,0.5957791892745563,-1.1122492636803711,0.02719536126228611,-0.11124649455303408,0.03323299481063667,0.9587695394321002,0.2593853422279993,0.0,0.0,0.0,0.0,0.0,0.0
1783437207.7225182,1783437207,690902233,0.37767209466557794,-0.9503464097705615,-0.04080989540967808,0.004541957349959381,-0.006822192491798623,0.9656739785240793,0.2596278018905373,0.0,0.0,0.0,0.0,0.0,0.0,0.0,0.0,0.0,0.0,0.596323330260123,-1.1108504511858812,0.023422922645643676,-0.11139027280175662,0.03355695338060037,0.9587068342020648,0.259513668347579,0.0,0.0,0.0,0.0,0.0,0.0
1783437207.8311265,1783437207,796579837,0.3752778979070944,-0.9530308440372979,-0.03647123183939256,0.004699848907748865,-0.006790547448842038,0.9657010805008858,0.2595249949523384,0.0,0.0,0.0,0.0,0.0,0.0,0.0,0.0,0.0,0.0,0.5939841735017355,-1.1134892299661077,0.027688229299569947,-0.1112378362828526,0.033576187279843184,0.9587528900515525,0.2594063978483452,0.0,0.0,0.0,0.0,0.0,0.0
1783437207.9302971,1783437207,896419763,0.37662556272566944,-0.9503181581294483,-0.038716493575144936,0.004807705935490577,-0.006951928377640816,0.9656674894856914,0.2596437105070564,0.0,0.0,0.0,0.0,0.0,0.0,0.0,0.0,0.0,0.0,0.5953003409591606,-1.110854043015241,0.025356403046351672,-0.11112545659995966,0.03343037809008943,0.9587340532673404,0.2595429787564686,0.0,0.0,0.0,0.0,0.0,0.0
1783437208.0295022,1783437207,996259689,0.3780979804516267,-0.9536410741241509,-0.039457711958459686,0.004482073017308189,-0.006852306339855452,0.9657035230333086,0.25951813524366335,0.0,0.0,0.0,0.0,0.0,0.0,0.0,0.0,0.0,0.0,0.5967769450027492,-1.1140974621070254,0.024799762870062518,-0.11145425813732221,0.033513839595333696,0.9587292113652354,0.25940907881882486,0.0,0.0,0.0,0.0,0.0,0.0
1783437208.1248124,1783437208,96099615,0.3762081419348031,-0.9516501320629621,-0.03999622483107369,0.004627489958107641,-0.0067873535689848,0.9656436150541321,0.2597401141013926,0.0,0.0,0.0,0.0,0.0,0.0,0.0,0.0,0.0,0.0,0.5948341494022039,-1.1122032143640044,0.024199894019669807,-0.11130071458967404,0.03360510108849864,0.9586867390285668,0.2596200772733734,0.0,0.0,0.0,0.0,0.0,0.0
1783437208.2261949,1783437208,190909385,0.3759422992857831,-0.9518523826416703,-0.043369100809599166,0.0045825691911615665,-0.006673383068096862,0.965682905127838,0.25959775184291095,0.0,0.0,0.0,0.0,0.0,0.0,0.0,0.0,0.0,0.0,0.5946138694855325,-1.1123252056895336,0.02087249399022805,-0.11135148884253354,0.033701082899732844,0.9587193806644785,0.25946528107293143,0.0,0.0,0.0,0.0,0.0,0.0
1783437208.3298283,1783437208,290947198,0.37645270006539033,-0.9538031144882837,-0.042722752664976694,0.004397600749058317,-0.0066971027341605404,0.9656713781309896,0.2596432155501379,0.0,0.0,0.0,0.0,0.0,0.0,0.0,0.0,0.0,0.0,0.5950850757941476,-1.1142937870697516,0.021607592822573678,-0.11153321994604459,0.03368280367611827,0.9586854601929211,0.2595149282790308,0.0,0.0,0.0,0.0,0.0,0.0
1783437208.4280336,1783437208,391260623,0.378626309093462,-0.9498227447647192,-0.04069412103671753,0.00466007847717515,-0.006884831498091239,0.9656635945960805,0.25966267509136953,0.0,0.0,0.0,0.0,0.0,0.0,0.0,0.0,0.0,0.0,0.5972786292817724,-1.1103541564911061,0.02346656613542683,-0.11127139673106892,0.033499093539451956,0.9587115033616449,0.25955488884551353,0.0,0.0,0.0,0.0,0.0,0.0
1783437208.5248163,1783437208,496419668,0.37645655555689767,-0.951978060191319,-0.04429598825179846,0.004684975219270543,-0.006736927008781563,0.9656586680744228,0.259684426938554,0.0,0.0,0.0,0.0,0.0,0.0,0.0,0.0,0.0,0.0,0.5951100341116164,-1.1125013316031804,0.019881115953323363,-0.1112460541232641,0.03364852601344291,0.9587083293175079,0.25955814654207904,0.0,0.0,0.0,0.0,0.0,0.0
1783437208.6299243,1783437208,590999841,0.37654095886112054,-0.9489901980046671,-0.040791794832370804,0.004579440200409316,-0.006847694753310974,0.9656246662175663,0.25980981851390855,0.0,0.0,0.0,0.0,0.0,0.0,0.0,0.0,0.0,0.0,0.5951356769411918,-1.1095809804777677,0.023416575846003,-0.11134539919212963,0.03355352808582956,0.9586625097348898,0.2596970451517327,0.0,0.0,0.0,0.0,0.0,0.0
1783437208.7273579,1783437208,690960407,0.3764739625940147,-0.9526587266193158,-0.039395905827300154,0.004824010938669138,-0.00687506750014338,0.9657197261880444,0.2594510990853974,0.0,0.0,0.0,0.0,0.0,0.0,0.0,0.0,0.0,0.0,0.5952173216484821,-1.1130982113355246,0.024684353742755766,-0.11111745670081434,0.03348356146474048,0.9587874210625634,0.25934232809199925,0.0,0.0,0.0,0.0,0.0,0.0
1783437208.826566,1783437208,796419620,0.37783685113285825,-0.9484189024646517,-0.03987743554942758,0.004600328254188489,-0.006873766839165714,0.9656562461072501,0.2596913603943119,0.0,0.0,0.0,0.0,0.0,0.0,0.0,0.0,0.0,0.0,0.5964725420107633,-1.1089600454801065,0.024315563497449823,-0.11132955407806853,0.03351345553864043,0.9586967675797654,0.2595825235233434,0.0,0.0,0.0,0.0,0.0,0.0
1783437208.9277174,1783437208,896259784,0.37527095429560187,-0.9518857231291326,-0.03879083140374656,0.00471262327057228,-0.006782428732278277,0.9656631479973227,0.25966608257972773,0.0,0.0,0.0,0.0,0.0,0.0,0.0,0.0,0.0,0.0,0.5939323761536917,-1.1124073180990188,0.025363398326819067,-0.11121927608271943,0.03360119264792029,0.9587165821650547,0.2595452707371663,0.0,0.0,0.0,0.0,0.0,0.0
1783437209.027946,1783437208,996099710,0.3772040887435322,-0.950295199885195,-0.03943982730828382,0.004674706893098837,-0.006764300802746743,0.9656592537539377,0.25968172247869487,0.0,0.0,0.0,0.0,0.0,0.0,0.0,0.0,0.0,0.0,0.5958562033689617,-1.1108204007975453,0.02473709763267607,-0.11125631057124641,0.03362102209686855,0.9587078988094084,0.2595589046665238,0.0,0.0,0.0,0.0,0.0,0.0
1783437209.1308475,1783437209,95939636,0.37350069544487013,-0.9524788138834968,-0.03929095467867686,0.004931827716152614,-0.006829461777683559,0.9656604675698572,0.2596707471009591,0.0,0.0,0.0,0.0,0.0,0.0,0.0,0.0,0.0,0.0,0.5921864285835767,-1.113015247995331,0.024743165111034797,-0.1110013080668108,0.03355530158030419,0.9587411644763288,0.259553714829676,0.0,0.0,0.0,0.0,0.0,0.0
1783437209.2251291,1783437209,191031217,0.37594700976740886,-0.9518396067945257,-0.039767779725887006,0.004902561841196822,-0.00674660822774008,0.9656677726021723,0.2596463000359794,0.0,0.0,0.0,0.0,0.0,0.0,0.0,0.0,0.0,0.0,0.5946401079511477,-1.1123535810270186,0.02429748337267572,-0.11103155355003204,0.03363456906415123,0.9587441257113154,0.2595195778629824,0.0,0.0,0.0,0.0,0.0,0.0
1783437209.3216035,1783437209,291243553,0.3767263455737706,-0.9529787427930849,-0.03848739816915306,0.004949433479162328,-0.006677762449981971,0.9657321456077347,0.25940765897863965,0.0,0.0,0.0,0.0,0.0,0.0,0.0,0.0,0.0,0.0,0.5955068136211767,-1.1133774398352765,0.025568279495868068,-0.11099510209133892,0.03367430444561456,0.958813400670673,0.25927396943421993,0.0,0.0,0.0,0.0,0.0,0.0
1783437209.422363,1783437209,396419763,0.3770330395746633,-0.9499025234208228,-0.03939537628415745,0.0049256568803046664,-0.006791770560574859,0.9656994075447711,0.2595270005695516,0.0,0.0,0.0,0.0,0.0,0.0,0.0,0.0,0.0,0.0,0.5957669632167493,-1.1103689431031347,0.024649638006404274,-0.11101351148657461,0.033575450496742876,0.9587788781429857,0.2594065385032512,0.0,0.0,0.0,0.0,0.0,0.0
1783437209.5246334,1783437209,490845441,0.37490889608924854,-0.9508100564399705,-0.03908817231316763,0.004976307607216261,-0.00673923266853459,0.9657493045695491,0.259341666203235,0.0,0.0,0.0,0.0,0.0,0.0,0.0,0.0,0.0,0.0,0.593712409909943,-1.1111874962616035,0.024942009546449644,-0.11097104820126258,0.03360540227614147,0.9588343352385578,0.2592157807051971,0.0,0.0,0.0,0.0,0.0,0.0
1783437209.6280322,1783437209,596440315,0.37514867074129393,-0.9515221103999073,-0.03977061482262858,0.005039363673704197,-0.006760195034372509,0.9657164618847013,0.2594621741637033,0.0,0.0,0.0,0.0,0.0,0.0,0.0,0.0,0.0,0.0,0.5939194435111133,-1.1119586989711658,0.024223252714135217,-0.1109033597570449,0.03359912726711897,0.9588095130994374,0.2593373498582638,0.0,0.0,0.0,0.0,0.0,0.0
1783437209.7265768,1783437209,696419715,0.3771925287808895,-0.9517518791434485,-0.03853114621683476,0.005005817589923218,-0.006727940027515063,0.965724945264005,0.25943208496266906,0.0,0.0,0.0,0.0,0.0,0.0,0.0,0.0,0.0,0.0,0.5959702032100138,-1.1121697290265355,0.025486098829102063,-0.11093799203158819,0.03362749385055766,0.9588135736533573,0.25930384601738626,0.0,0.0,0.0,0.0,0.0,0.0
1783437209.8258076,1783437209,796259641,0.375675566241746,-0.9543022865637435,-0.03932579904660111,0.00512873814511029,-0.00670715683857958,0.9657523637764096,0.25932813567459106,0.0,0.0,0.0,0.0,0.0,0.0,0.0,0.0,0.0,0.0,0.5945037988769681,-1.1146742420323286,0.024633606469142068,-0.11082029914615033,0.03363577282180724,0.9588557603993337,0.25919708106545686,0.0,0.0,0.0,0.0,0.0,0.0
1783437209.9375663,1783437209,896579742,0.37693016570464527,-0.9517942553312705,-0.03891973395057858,0.004984656544226611,-0.006866012149110824,0.9657035367395405,0.259508555167354,0.0,0.0,0.0,0.0,0.0,0.0,0.0,0.0,0.0,0.0,0.5956749709810487,-1.1122635471083389,0.0250809036568272,-0.11095554544511749,0.03349961326763287,0.9587908748397606,0.2593968025437135,0.0,0.0,0.0,0.0,0.0,0.0
1783437210.0229528,1783437209,996419668,0.3756705820660247,-0.9526722668663024,-0.04110514092711359,0.005203707546007519,-0.006717229319671482,0.9657520990654919,0.2593273672573706,0.0,0.0,0.0,0.0,0.0,0.0,0.0,0.0,0.0,0.0,0.5945080995798189,-1.113047460980733,0.022814363875086938,-0.1107458598940917,0.03362576188799407,0.9588647641820218,0.2591968878361121,0.0,0.0,0.0,0.0,0.0,0.0
1783437210.1258354,1783437210,90924501,0.3754011289187945,-0.9504617945739023,-0.038266233897989804,0.004963000203657572,-0.006949141638859057,0.965729456633288,0.25941028246820874,0.0,0.0,0.0,0.0,0.0,0.0,0.0,0.0,0.0,0.0,0.5941728255670105,-1.1108964643691004,0.025729285682420902,-0.11098098946427867,0.033405288929454865,0.9588147906311698,0.259309667995575,0.0,0.0,0.0,0.0,0.0,0.0
1783437210.223229,1783437210,196579456,0.37668600777187206,-0.9529202250886131,-0.03803807019139342,0.004919053876558895,-0.00668872861676197,0.9657161674218452,0.25946743109398823,0.0,0.0,0.0,0.0,0.0,0.0,0.0,0.0,0.0,0.0,0.5954424821063296,-1.1133464274327158,0.026030670948157683,-0.1110227554825345,0.0336705630122594,0.9587938564900749,0.2593348833234599,0.0,0.0,0.0,0.0,0.0,0.0
1783437210.3380542,1783437210,296419620,0.376261653794691,-0.9519092042644672,-0.03747205739236397,0.005036874298989107,-0.006844345819207512,0.9657306984377325,0.25940702172950664,0.0,0.0,0.0,0.0,0.0,0.0,0.0,0.0,0.0,0.0,0.5950474010680447,-1.112331404909433,0.026506684258801767,-0.11090796902718832,0.033508984994577315,0.9588241419679682,0.25929295229582916,0.0,0.0,0.0,0.0,0.0,0.0
1783437210.4340873,1783437210,390900373,0.3795444511357225,-0.9523135454934886,-0.033870021793134274,0.004623843217571931,-0.00705734703488475,0.9656877113616185,0.25956898515016785,0.0,0.0,0.0,0.0,0.0,0.0,0.0,0.0,0.0,0.0,0.5982171547896948,-1.1128233154311513,0.03027534034802567,-0.11131095067241643,0.03331658796965598,0.9587326309241697,0.25948337061877985,0.0,0.0,0.0,0.0,0.0,0.0
1783437210.5258548,1783437210,496757030,0.37924409624483274,-0.9504459304191932,-0.03829131425483173,0.004873137315881934,-0.0069693065347213295,0.9657459045688789,0.25935020552828475,0.0,0.0,0.0,0.0,0.0,0.0,0.0,0.0,0.0,0.0,0.5980236992833887,-1.1108531966431743,0.025745856902557318,-0.11107269579928873,0.03337797028336003,0.9588203586092905,0.2592533264280199,0.0,0.0,0.0,0.0,0.0,0.0
1783437210.6272225,1783437210,596419811,0.3764971294229735,-0.9516743868785562,-0.03681390013064824,0.004711266370042869,-0.006897394348692382,0.9657330624350388,0.25940293375409385,0.0,0.0,0.0,0.0,0.0,0.0,0.0,0.0,0.0,0.0,0.595241486572905,-1.1120914267197144,0.027319122538359913,-0.11123138311716554,0.03345550274081315,0.9587871061985078,0.25929827175222964,0.0,0.0,0.0,0.0,0.0,0.0
1783437210.7383084,1783437210,696259737,0.3773041522277651,-0.9524475242034135,-0.03504128869896534,0.004657574395848723,-0.006939354613817378,0.9657468577981452,0.2593514199137922,0.0,0.0,0.0,0.0,0.0,0.0,0.0,0.0,0.0,0.0,0.5960573331696793,-1.1128449126570545,0.029110785765122833,-0.11128676775495927,0.03340761764793922,0.9587946525930497,0.259252773494742,0.0,0.0,0.0,0.0,0.0,0.0
1783437210.8326123,1783437210,796099662,0.3771869463631539,-0.9524619027267647,-0.034544077874348364,0.00458698672407197,-0.006861060155987917,0.9657625133943083,0.25929645799477785,0.0,0.0,0.0,0.0,0.0,0.0,0.0,0.0,0.0,0.0,0.5959522132074512,-1.1128223101380317,0.029659214957373767,-0.11135930978338876,0.03347865415723144,0.9588009169463876,0.2591892850855415,0.0,0.0,0.0,0.0,0.0,0.0
1783437210.9279902,1783437210,896419763,0.3762983137359617,-0.9534171779844364,-0.03515880071742825,0.0045591152132476494,-0.006860851928572037,0.965711397490967,0.25948726353200874,0.0,0.0,0.0,0.0,0.0,0.0,0.0,0.0,0.0,0.0,0.5949969000744282,-1.1138630582869284,0.029058119798232897,-0.11137902601082472,0.033501733519253035,0.9587465658439411,0.2593788135113089,0.0,0.0,0.0,0.0,0.0,0.0
