index,timestamp,j1,j2,j3,j4,j5,j6,tag_tx,tag_ty,tag_tz,tag_rx,tag_ry,tag_rz
1,20260811_225129_748,0.1261349450416302,0.44148103429196567,-0.369957441545238,0.4809603819720774,0.02035053907825388,-0.10257300013970674,0.0028696545442400394,-0.059386745136548805,0.7004762875818218,-0.9384578972428113,2.8282948812438806,0.3895576562428775
2,20260811_225130_261,0.1261349450416302,0.44148103429196567,-0.369957441545238,0.4809603819720774,0.02035053907825388,-0.10257300013970674,0.0028696545442400394,-0.059386745136548805,0.7004762875818218,-0.9384578972428113,2.8282948812438806,0.3895576562428775
3,20260811_225130_773,0.1261349450416302,0.44148103429196567,-0.369957441545238,0.4809603819720774,0.02035053907825388,-0.10257300013970674,0.0028696545442400394,-0.059386745136548805,0.7004762875818218,-0.9384578972428113,2.8282948812438806,0.3895576562428775
4,20260811_225131_371,0.1261349450416302,0.44148103429196567,-0.369957441545238,0.4809603819720774,0.02035053907825388,-0.10257300013970674,0.0028696545442400394,-0.059386745136548805,0.7004762875818218,-0.9384578972428113,2.8282948812438806,0.3895576562428775
5,20260811_225131_874,0.1261349450416302,0.44148103429196567,-0.369957441545238,0.4809603819720774,0.02035053907825388,-0.10257300013970674,0.0028696545442400394,-0.059386745136548805,0.7004762875818218,-0.9384578972428113,2.8282948812438806,0.3895576562428775
6,20260811_225132_473,0.1261349450416302,0.44148103429196567,-0.369957441545238,0.4809603819720774,0.02035053907825388,-0.10257300013970674,0.0028696545442400394,-0.059386745136548805,0.7004762875818218,-0.9384578972428113,2.8282948812438806,0.3895576562428775
7,20260811_225132_973,0.1261349450416302,0.44148103429196567,-0.369957441545238,0.4809603819720774,0.02035053907825388,-0.10257300013970674,0.0028696545442400394,-0.059386745136548805,0.7004762875818218,-0.9384578972428113,2.8282948812438806,0.3895576562428775
8,20260811_225133_473,0.1261349450416302,0.44148103429196567,-0.369957441545238,0.4809603819720774,0.02035053907825388,-0.10257300013970674,0.0028696545442400394,-0.059386745136548805,0.7004762875818218,-0.9384578972428113,2.8282948812438806,0.3895576562428775
9,20260811_225134_072,0.1261349450416302,0.44148103429196567,-0.369957441545238,0.4809603819720774,0.02035053907825388,-0.10257300013970674,0.0028696545442400394,-0.059386745136548805,0.7004762875818218,-0.9384578972428113,2.8282948812438806,0.3895576562428775
10,20260811_225134_673,0.1261349450416302,0.44148103429196567,-0.369957441545238,0.4809603819720774,0.02035053907825388,-0.10257300013970674,0.0028696545442400394,-0.059386745136548805,0.7004762875818218,-0.9384578972428113,2.8282948812438806,0.3895576562428775
11,20260811_225135_270,0.1261349450416302,0.44148103429196567,-0.369957441545238,0.4809603819720774,0.02035053907825388,-0.10257300013970674,0.0028696545442400394,-0.059386745136548805,0.7004762875818218,-0.9384578972428113,2.8282948812438806,0.3895576562428775
12,20260811_225135_772,0.1261349450416302,0.44148103429196567,-0.369957441545238,0.4809603819720774,0.02035053907825388,-0.10257300013970674,0.0028696545442400394,-0.059386745136548805,0.7004762875818218,-0.9384578972428113,2.8282948812438806,0.3895576562428775
13,20260811_225136_273,0.1261349450416302,0.44148103429196567,-0.369957441545238,0.4809603819720774,0.02035053907825388,-0.10257300013970674,0.002899532738209121,-0.059561483069192615,0.6986781503565856,-0.9382209181213585,2.826746410628152,0.3740472334737887
14,20260811_225136_972,0.2976833572201529,0.44148103429196567,-0.369957441545238,0.4809603819720774,0.02035053907825388,-0.10257300013970674,0.1089310943817389,0.023865064038930857,0.7070361682771068,0.9808233223048684,-2.888864464428039,-0.35189847151160847
15,20260811_225137_473,0.3256260785445821,0.44148103429196567,-0.369957441545238,0.4809603819720774,0.02035053907825388,-0.10257300013970674,0.13142112406677525,0.04285636399835238,0.7043543653513187,0.9987256846063909,-2.882548109642157,-0.33824402888989086
16,20260811_225137_974,0.2431243648028101,0.44148103429196567,-0.369957441545238,0.4809603819720774,0.02035053907825388,-0.10257300013970674,0.09177901874519019,0.012183146998744641,0.6956112803748893,1.012074769378089,-2.916165124886556,-0.5492075262520603
17,20260811_225138_571,0.21230185021259024,0.44148103429196567,-0.369957441545238,0.4809603819720774,0.02035053907825388,-0.10257300013970674,0.05890116750403303,-0.01665252850161611,0.707553857181595,1.0263324516639805,-3.0387356309142755,-0.3501881464429353
18,20260811_225139_072,0.21230185021259024,0.44148103429196567,-0.369957441545238,0.4809603819720774,0.02035053907825388,-0.10257300013970674,0.05782596433652714,-0.016692921963628458,0.7060174700383538,-0.9874914097815892,2.911278280736612,0.427567017996938
19,20260811_225139_575,0.21230185021259024,0.5300564938306779,-0.369957441545238,0.4809603819720774,0.02035053907825388,-0.10257300013970674,0.07289247080771417,-0.03350686054955522,0.6918536300504186,1.0003879649949328,-2.9951055935111928,-0.5706420475531838
20,20260811_225208_271,0.21230185021259024,1.4779099040037584,-0.43371431912059094,0.02796017461694916,-0.8376533212021585,-0.10257300013970674,0.145209773767332,-0.07292034031277174,0.4931253450737792,-1.5363791188261207,2.56361420912751,0.48695951980988095
21,20260811_225208_775,0.21230185021259024,1.4779099040037584,-0.43371431912059094,-0.12203342129944353,-0.8376533212021585,-0.10257300013970674,0.17589616412015055,0.020126902838291955,0.5104532154574841,1.753946600989818,-2.560186591284242,-0.45625967896462327
22,20260811_225211_675,0.21230185021259024,1.4779099040037584,-0.43371431912059094,-0.06370451769779303,-0.8376533212021585,-0.10257300013970674,0.1743636588379187,0.012966667880939779,0.5117074662213945,1.7390011171190884,-2.5440011115109438,-0.5174170960386072
23,20260811_225212_575,0.21230185021259024,1.4779099040037584,-0.43371431912059094,0.04735078260660616,-0.8376533212021585,-0.10257300013970674,0.1483178905193324,-0.06757682674766867,0.4969709172403391,-1.555855630430042,2.573363320602051,0.5240418609152195
24,20260811_225213_173,0.21230185021259024,1.4779099040037584,-0.43371431912059094,0.02621484536495483,-0.8376533212021585,-0.10257300013970674,0.15245629386661053,-0.05575178077726651,0.49893586283343444,-1.564948764517093,2.5489785220615575,0.5747729631809314
25,20260811_225213_773,0.21230185021259024,1.4779099040037584,-0.43371431912059094,0.02796017461694916,-0.8376533212021585,-0.10257300013970674,0.15245629386661053,-0.05575178077726651,0.49893586283343444,-1.564948764517093,2.5489785220615575,0.5747729631809314
26,20260811_225214_372,0.21230185021259024,1.4779099040037584,-0.43371431912059094,0.02796017461694916,-0.8376533212021585,-0.10257300013970674,0.152512815797147,-0.05661483085948979,0.499644500170776,-1.5746200582954109,2.5627403158240036,0.5452035245400071
27,20260811_225215_672,0.21230185021259024,1.4779099040037584,-0.43371431912059094,0.02796017461694916,-0.8457341956388923,-0.10257300013970674,0.1540557194522646,-0.057223942264557,0.49490731387574527,-1.5415166372512155,2.5225780428925977,0.6159591333934018
28,20260811_225216_271,0.21230185021259024,1.4779099040037584,-0.43371431912059094,0.02796017461694916,-0.9608212065153984,-0.10257300013970674,0.09326600400588834,-0.0318804390886681,0.5069648875967536,-1.5079621814548407,2.4957933358651165,0.4335582122137966
29,20260811_225216_773,0.21230185021259024,1.4779099040037584,-0.43371431912059094,0.02796017461694916,-1.0095158926460401,-0.10257300013970674,0.054036797086807246,-0.014717463510251478,0.5264642851943638,-1.5164416043947553,2.5442215636836645,0.2906926942566848
30,20260811_225217_372,0.21230185021259024,1.4779099040037584,-0.43371431912059094,0.02796017461694916,-1.0248224301860305,-0.10257300013970674,0.04956348138333889,-0.011960334078222744,0.5242604745127429,-1.5025700447668835,2.5058895940769323,0.27504231325514017
31,20260811_225217_872,0.21230185021259024,1.4779099040037584,-0.43371431912059094,0.02796017461694916,-1.0248224301860305,-0.10257300013970674,0.0483355167897989,-0.012353163918588553,0.5264158742133852,-1.5049877528997029,2.5343662934898274,0.2708857767241697
32,20260811_225218_471,0.21230185021259024,1.4779099040037584,-0.43371431912059094,0.07454301235267781,-1.0248224301860305,-0.10257300013970674,0.045133281784295626,-0.018527739769570485,0.5251796685024739,-1.484161396840931,2.5250046564851183,0.32526612454926895
33,20260811_225219_371,0.21230185021259024,1.4779099040037584,-0.43371431912059094,0.09234537072301999,-1.0248224301860305,-0.10257300013970674,0.030257263574376293,-0.05264965221231576,0.5133595809657162,-1.4060952885012559,2.538139179589567,0.24577447431187804
34,20260811_225219_871,0.21230185021259024,1.4779099040037584,-0.43371431912059094,-0.06709045644666202,-1.0248224301860305,-0.10257300013970674,0.06590397779420913,0.03772448283369364,0.5333902196730427,-1.6203589237674112,2.553046853286822,0.24342939395767385
35,20260811_225220_471,0.21230185021259024,1.4779099040037584,-0.43371431912059094,-0.06709045644666202,-1.0248224301860305,-0.10257300013970674,0.06534914665625371,0.035202258142001244,0.5335192224314312,-1.6192681154595512,2.5558393440009435,0.21311849853772322
36,20260811_225221_072,0.21230185021259024,1.4779099040037584,-0.43371431912059094,-0.06709045644666202,-1.0248224301860305,-0.36451201427901575,0.030569353259177288,0.03627273169630366,0.5316013897607375,-1.8513572615928602,2.2751293218615563,0.18090404744695943
37,20260811_225221_575,0.21230185021259024,1.4779099040037584,-0.43371431912059094,-0.06709045644666202,-1.0248224301860305,-0.2624800662074272,0.03556153030405315,0.03616314760225813,0.5338896467519557,-1.8335177346860507,2.348358178173837,0.23258384452401448
38,20260811_225222_174,0.21230185021259024,1.4779099040037584,-0.43371431912059094,-0.06709045644666202,-1.0248224301860305,0.5043827005338413,0.13682021664888058,0.004873953129002783,0.5230265454053477,0.8800598396632539,-2.969941828373639,-0.39687205578639084
39,20260811_225222_773,0.21230185021259024,1.4779099040037584,-0.43371431912059094,-0.06709045644666202,-1.0248224301860305,1.0427120550189724,0.18128485652553158,-0.0591541706296987,0.49970336543884963,0.04691117380056159,-2.968473054252525,-0.34578779436485574
40,20260811_225223_374,0.21230185021259024,1.4779099040037584,-0.43371431912059094,-0.06709045644666202,-1.0248224301860305,1.052032113224622,0.18116117671380452,-0.06232592521696616,0.4954428826284422,0.0035254832512503958,-2.967188493858111,-0.37410295748268646
41,20260811_225223_973,0.21230185021259024,1.4779099040037584,-0.43371431912059094,-0.06709045644666202,-1.0248224301860305,1.052032113224622,0.1810453831701587,-0.062200773493619015,0.49527860520507155,0.009754446079458537,-2.9621648817739974,-0.3551217624788786
42,20260811_225224_571,0.21230185021259024,1.4779099040037584,-0.43371431912059094,-0.06709045644666202,-1.002517122345543,1.052032113224622,0.18228719921693243,-0.06461371879342453,0.4984759566926986,0.007786172002748624,-2.944122839001626,-0.3650368660217982
43,20260811_225225_571,0.21230185021259024,1.4779099040037584,-0.43371431912059094,-0.06709045644666202,-1.0902897304283377,1.052032113224622,0.17760220939948468,-0.033913554789343124,0.4880110493249554,0.01123842834969608,-3.089089076053609,-0.2181576870893831
44,20260811_225226_072,0.21230185021259024,1.4779099040037584,-0.43371431912059094,-0.06709045644666202,-1.1256675543662626,1.052032113224622,0.18134050758828596,-0.009911935596822906,0.5037298637730802,-0.00266215530990022,-2.99755489936606,-0.23073992956869852
45,20260811_225229_475,0.21230185021259024,1.4779099040037584,-0.43371431912059094,0.18999654237210273,-1.222830033824787,1.052032113224622,0.07373949710516653,0.053356221635870726,0.5264848891945745,-0.19947728520166558,-3.155664898659572,-0.17751911818800506
46,20260811_225230_074,0.21230185021259024,1.4779099040037584,-0.43371431912059094,0.14508922071828861,-1.222830033824787,1.052032113224622,0.06018087712020421,0.054442013608262674,0.5360442319442681,0.2867405491453866,3.229498907558864,0.10184062509897046
47,20260811_225230_575,0.21230185021259024,1.4779099040037584,-0.43371431912059094,0.14124949636390108,-1.222830033824787,1.052032113224622,0.075931825995305,0.05344019600033749,0.5358361665368593,0.20847093963598123,3.1314918162862098,2.7468624585354547e-06
48,20260811_225231_075,0.21230185021259024,1.4779099040037584,-0.43371431912059094,0.14124949636390108,-1.222830033824787,1.052032113224622,0.07628054289414986,0.053941530023892445,0.5373651554150483,-0.2168768653022381,-3.1244363233985926,-0.025012542767424303
49,20260811_225231_576,0.21230185021259024,1.4779099040037584,-0.43371431912059094,0.14124949636390108,-1.222830033824787,1.052032113224622,0.07628054289414986,0.053941530023892445,0.5373651554150483,-0.2168768653022381,-3.1244363233985926,-0.025012542767424303
50,20260811_225232_174,0.21230185021259024,1.4779099040037584,-0.43371431912059094,0.14124949636390108,-1.222830033824787,0.9408546398725833,0.05789555397822737,0.056167741651458915,0.5375979361328956,0.04074494710608086,3.097409553753989,0.024965627393508726
51,20260811_225232_676,0.21230185021259024,1.4779099040037584,-0.43371431912059094,0.14124949636390108,-1.222830033824787,0.9408546398725833,0.05747888209522155,0.05617436009172215,0.5367973577298599,0.04571208839405355,3.1118380414958304,0.04320973537881302
52,20260811_225233_274,0.21230185021259024,1.4779099040037584,-0.43371431912059094,0.14124949636390108,-1.222830033824787,0.9168214560726213,0.054122222189850425,0.056382124761577994,0.5392530699132999,0.014135629036161959,3.0913756977825066,-0.012272296688103273
53,20260811_225233_876,0.21230185021259024,1.4779099040037584,-0.43371431912059094,0.14124949636390108,-1.222830033824787,0.9168214560726213,0.054122222189850425,0.056382124761577994,0.5392530699132999,0.014135629036161959,3.0913756977825066,-0.012272296688103273
54,20260811_225234_475,0.21230185021259024,1.4779099040037584,-0.43371431912059094,0.14124949636390108,-1.222830033824787,0.9168214560726213,0.054260701320405114,0.05627569000381496,0.5376935596456113,0.016184059971501616,3.081522549384638,0.04482258118313456
55,20260811_225234_977,0.21230185021259024,1.4779099040037584,-0.43371431912059094,0.14124949636390108,-1.222830033824787,0.9168214560726213,0.054217987484596525,0.05626260399636573,0.5393393052270365,0.016826001152235055,3.079684525809705,0.007196255052131876
56,20260811_225235_572,0.21230185021259024,1.4779099040037584,-0.43371431912059094,0.14124949636390108,-1.222830033824787,0.9168214560726213,0.054122222189850425,0.056382124761577994,0.5392530699132999,0.014135629036161959,3.0913756977825066,-0.012272296688103273
57,20260811_225236_072,0.21230185021259024,1.4779099040037584,-0.43371431912059094,0.14124949636390108,-1.222830033824787,0.9168214560726213,0.054348026400078096,0.05660204229317699,0.5387897074358078,0.013641819029877246,3.0842785880518973,0.04286531961520024
58,20260811_225236_573,0.21230185021259024,1.4779099040037584,-0.43371431912059094,0.14124949636390108,-1.222830033824787,0.9168214560726213,0.054260701320405114,0.05627569000381496,0.5376935596456113,0.016184059971501616,3.081522549384638,0.04482258118313456
59,20260811_225237_174,0.21230185021259024,1.4779099040037584,-0.43371431912059094,0.14124949636390108,-1.222830033824787,0.9168214560726213,0.054122222189850425,0.056382124761577994,0.5392530699132999,0.014135629036161959,3.0913756977825066,-0.012272296688103273
60,20260811_225237_774,0.21230185021259024,1.4779099040037584,-0.43371431912059094,0.14124949636390108,-1.222830033824787,0.9168214560726213,0.054122222189850425,0.056382124761577994,0.5392530699132999,0.014135629036161959,3.0913756977825066,-0.012272296688103273
61,20260811_225238_373,0.21230185021259024,1.4779099040037584,-0.43371431912059094,0.14124949636390108,-1.222830033824787,0.9168214560726213,0.054260701320405114,0.05627569000381496,0.5376935596456113,0.016184059971501616,3.081522549384638,0.04482258118313456
62,20260811_225238_873,0.21230185021259024,1.5148759775609983,-0.43371431912059094,0.14124949636390108,-1.222830033824787,0.9168214560726213,0.05442858105620191,0.05469700548417027,0.5407527024876115,0.016288178972191893,3.099044740284478,0.06657086901292117
63,20260811_225239_472,0.21230185021259024,1.700229944122796,-0.43371431912059094,0.14124949636390108,-1.220124773484196,0.9168214560726213,0.06106614668780184,-0.10368838269284632,0.4829390045741388,0.005402725007170539,3.0180123105333325,0.46274788541118744
64,20260811_225245_573,0.21230185021259024,1.936634791305428,-0.8011759398354771,0.14124949636390108,-1.2196186280011176,0.9168214560726213,0.06932145803454913,-0.04339100312557377,0.41331262545089903,0.00655814291287164,3.086614249702804,0.25579301442399316
65,20260811_225246_076,0.21230185021259024,1.936634791305428,-0.8338485034328109,0.14124949636390108,-1.219444095075918,0.9168214560726213,0.0697966790988287,-0.010279629239004684,0.4122921998127279,0.008577014940959058,3.0970913916191987,0.18968338931940978
66,20260811_225246_674,0.21230185021259024,1.936634791305428,-0.8338485034328109,0.14124949636390108,-1.2222017152940692,0.9168214560726213,0.06899386557726768,-0.014919764363718339,0.40899055650160365,0.008802932622681737,3.088666241185256,0.18461382491684414
67,20260811_225247_179,0.21230185021259024,1.936634791305428,-0.8338485034328109,0.14124949636390108,-1.2222017152940692,0.9168214560726213,0.06928412515867752,-0.014969230976973277,0.4092536325182338,0.006520343300843215,3.0813061797350656,0.17808447240002911
68,20260811_225247_772,0.21230185021259024,1.936634791305428,-0.8338485034328109,0.14124949636390108,-1.2222017152940692,0.9168214560726213,0.06934303179974544,-0.015228382135521586,0.41058088736952436,0.0034991459189031016,3.0983190651395067,0.17348758433902878
69,20260811_225248_373,0.21230185021259024,1.936634791305428,-0.8338485034328109,0.14124949636390108,-1.2222017152940692,0.9168214560726213,0.06945271617695106,-0.015096554076731728,0.4090210699435976,0.011302651532302447,3.077045362275544,0.18341447383143902
70,20260811_225248_975,0.21230185021259024,1.936634791305428,-0.8338485034328109,0.33089697288560493,-1.2222017152940692,0.9168214560726213,-0.013394378864238736,-0.02091874798650975,0.40609368690023684,0.14526747880107166,2.9347081048347547,0.22500017104968123
71,20260811_225249_573,0.21230185021259024,1.936634791305428,-0.8338485034328109,0.1388758485811888,-1.2222017152940692,0.9168214560726213,0.06432291263933287,-0.01487115874699777,0.4092847525915209,0.04380325856045141,3.1531757130231153,0.22450464620975566
72,20260811_225250_075,0.21230185021259024,1.936634791305428,-0.8338485034328109,0.10363765098342329,-1.2222017152940692,0.9168214560726213,0.08824867373405121,-0.012637020945341039,0.4087353087806192,0.024502743537869635,-3.1453356834412762,-0.17411675054439701
73,20260811_225250_576,0.21230185021259024,1.936634791305428,-0.8338485034328109,0.10363765098342329,-1.2222017152940692,0.9168214560726213,0.08745532953241777,-0.012751810932902787,0.4081760912922129,0.02188534302805796,-3.1449551726919123,-0.1796205707942049
74,20260811_225251_671,0.21230185021259024,1.936634791305428,-0.8338485034328109,0.10363765098342329,-1.1037985788387739,0.9168214560726213,0.09301480655441174,-0.07429891239065887,0.3767185433155969,0.01650807004935396,-3.217048252357024,-0.40122193171447945
75,20260811_225252_272,0.21230185021259024,1.936634791305428,-0.8338485034328109,0.10363765098342329,-1.1696149449314799,0.9168214560726213,0.09019439175972672,-0.038133056516064086,0.39966720891670576,0.02896655152236384,-3.1381575530566894,-0.27552429109029253
76,20260811_225252_773,0.21230185021259024,1.936634791305428,-0.8338485034328109,0.10363765098342329,-1.1827398209064774,0.9168214560726213,0.08938384269402146,-0.03376005066655852,0.4021839783752443,0.024102442355145703,-3.1499080599129337,-0.25043878814648685
77,20260811_225253_372,0.21230185021259024,1.936634791305428,-0.8338485034328109,0.10363765098342329,-1.1827398209064774,0.9168214560726213,0.08937289516246266,-0.03309462176409814,0.40210915481424225,0.024136022607582318,-3.1504849908480312,-0.2500095563822833
78,20260811_225253_971,0.21230185021259024,1.936634791305428,-0.8338485034328109,0.10363765098342329,-1.2222191685865893,0.9168214560726213,0.08690047158800034,-0.01313278346407604,0.40815805374447384,0.024207414496986754,-3.1400294800284394,-0.19867362925194626
79,20260811_225254_472,0.21230185021259024,1.936634791305428,-0.8338485034328109,0.10363765098342329,-1.08957414543502,0.9168214560726213,0.094854838015817,-0.07960346430424198,0.3878922923135192,0.025217445853484434,-3.130696174770976,-0.4020782903261383
80,20260811_225254_972,0.21230185021259024,1.936634791305428,-0.8338485034328109,0.10363765098342329,-1.1032226201856157,0.9168214560726213,0.09343321842732097,-0.07184309645985389,0.38735544804125405,-0.022864292730254778,3.091374320837371,0.3732364167825425
81,20260811_225255_574,0.21230185021259024,1.936634791305428,-0.8338485034328109,0.10363765098342329,-1.1032226201856157,0.9168214560726213,0.09343321842732097,-0.07184309645985389,0.38735544804125405,-0.022864292730254778,3.091374320837371,0.3732364167825425
82,20260811_225256_171,0.21230185021259024,1.936634791305428,-0.8338485034328109,0.10363765098342329,-1.1032226201856157,0.9168214560726213,0.09343321842732097,-0.07184309645985389,0.38735544804125405,-0.022864292730254778,3.091374320837371,0.3732364167825425
83,20260811_225256_674,0.21230185021259024,1.936634791305428,-0.8338485034328109,0.10363765098342329,-1.1032226201856157,0.9168214560726213,0.09343321842732097,-0.07184309645985389,0.38735544804125405,-0.022864292730254778,3.091374320837371,0.3732364167825425
84,20260811_225257_271,0.21230185021259024,1.936634791305428,-0.8338485034328109,0.10363765098342329,-1.1032226201856157,0.9168214560726213,0.09354525779603322,-0.0718091652827713,0.3878153015482903,-0.025631622253951075,3.0919134256696914,0.36760858615596836
85,20260811_225310_070,0.21230185021259024,1.9364428050877087,-1.4280283939817606,0.42957788879336434,-0.3498337952697434,1.0077880166865658,0.08813357441046461,-0.027390772058801645,0.31167538881980855,0.535764626407158,3.037161865082031,0.7245870646642965
86,20260811_225310_970,0.21230185021259024,1.9364428050877087,-1.4280283939817606,0.4219333466696292,-0.3498337952697434,1.0077880166865658,0.07969718871357635,-0.030907000977534765,0.3155880451965386,-0.6257780302569547,-2.982223402568277,-0.6019008597918811
87,20260811_225311_471,0.21230185021259024,1.9364428050877087,-1.4280283939817606,0.45917867290718817,-0.3498337952697434,1.0077880166865658,0.08313757208010981,-0.03017140850030765,0.3121671705790938,0.6013263307117129,3.017485574437961,0.6837142939752677
88,20260811_225313_473,0.21230185021259024,1.9346625692506745,-1.4749079376903282,0.5002288169140948,-0.3512824185488987,1.0077880166865658,0.07592053606774665,-0.019549179197048107,0.3052234255998522,-0.7706004496913516,-3.0899065655612414,-0.5118240845095011
89,20260811_225314_071,0.21230185021259024,1.9365649781353484,-1.4756584292686858,0.5002288169140948,-0.35007814136502263,1.0077880166865658,0.08425637107689031,-0.003954707383163909,0.3170654322052206,0.7267062957817785,3.0031119508685262,0.5686847309858697
90,20260811_225314_573,0.21230185021259024,1.9365649781353484,-1.4756584292686858,0.5002288169140948,-0.35007814136502263,1.0077880166865658,0.08429863993112008,-0.004215075883824654,0.3177991039275794,0.7253850108042798,3.0080675755871846,0.551808225405181
91,20260811_225315_173,0.21230185021259024,1.9365649781353484,-1.4756584292686858,0.5002288169140948,-0.35007814136502263,1.0077880166865658,0.08424551481314652,-0.0044314262178810244,0.31779269528447884,-0.7244327032032928,-2.999517627773777,-0.5562010417735648
92,20260811_225316_272,0.21230185021259024,1.9365649781353484,-1.4756584292686858,0.5002288169140948,-0.3510904323311793,1.0077880166865658,0.08386367146396541,-0.012478418970623722,0.304150772424201,-0.7459241045500483,-3.0931209701261486,-0.5906556434396144
93,20260811_225317_973,0.21230185021259024,1.9365649781353484,-1.4756584292686858,0.5002288169140948,-0.3253642791567829,1.0077880166865658,0.08462212259145238,-0.012426769902699506,0.3182757077678216,0.7221893457425359,3.017220837269319,0.5911439258302067
94,20260811_225318_474,0.21230185021259024,1.9365649781353484,-1.4756584292686858,0.5002288169140948,-0.3232873373469097,1.0077880166865658,0.08423363829693044,-0.015790382511729328,0.3141387771368882,-0.723461645303812,-2.9831791648781714,-0.6019290586626078
95,20260811_225318_975,0.21230185021259024,1.9365649781353484,-1.4756584292686858,0.5002288169140948,-0.3232873373469097,1.0077880166865658,0.0841900794196417,-0.015598293724196891,0.31398372831123755,-0.7262292018486198,-2.980154531620723,-0.610163233822432
96,20260811_225319_575,0.21230185021259024,1.9365649781353484,-1.4756584292686858,0.5002288169140948,-0.3232873373469097,1.0077880166865658,0.0841900794196417,-0.015598293724196891,0.31398372831123755,-0.7262292018486198,-2.980154531620723,-0.610163233822432
97,20260811_225320_170,0.20987584255231814,1.9365649781353484,-1.4756584292686858,0.5002288169140948,-0.3232873373469097,1.0077880166865658,0.0841900794196417,-0.015598293724196891,0.31398372831123755,-0.7262292018486198,-2.980154531620723,-0.610163233822432
98,20260811_225320_676,0.15421729270621895,1.9365649781353484,-1.4756584292686858,0.5003160833766945,-0.3238632960000678,1.0077880166865658,0.04267629504585291,0.0025560586647892024,0.3178794063209407,0.7315229290673421,2.946604166067028,0.5523943479892802
99,20260811_225321_272,0.15421729270621895,1.9365649781353484,-1.4756584292686858,0.5003160833766945,-0.3238632960000678,1.0077880166865658,0.04120685081439362,0.0035510864442275104,0.3184140842925115,0.7339302571326448,2.9540693974984022,0.5626009609034058
100,20260811_225321_774,0.15421729270621895,1.9365649781353484,-1.4756584292686858,0.5003160833766945,-0.3238632960000678,1.0077880166865658,0.040819234804765986,0.0033914284853283935,0.3181006782204559,0.7355339155911055,2.9504339513276716,0.5595150514714374
101,20260811_225322_373,0.15421729270621895,1.9365649781353484,-1.4756584292686858,0.5003160833766945,-0.3238632960000678,0.9496161927175948,0.0392843005451397,0.0031204788477942297,0.31874028830505324,0.6793681202656197,2.960241407222098,0.5753943242351762
102,20260811_225322_971,0.15421729270621895,1.9365649781353484,-1.4756584292686858,0.5003160833766945,-0.3238632960000678,0.7939153701471806,0.03294513570726802,0.001867062334698204,0.3175485647610952,0.4200360289799363,2.9695484778103025,0.5876772684833297
103,20260811_225323_472,0.15421729270621895,1.9365649781353484,-1.4756584292686858,0.5003160833766945,-0.3238632960000678,0.48799405885761454,0.022737007034688273,-0.002367332235983767,0.3167529212178398,0.009141556196726991,2.9617674125741735,0.6223405628185307
104,20260811_225323_973,0.15421729270621895,1.9365649781353484,-1.4756584292686858,0.5003160833766945,-0.3238632960000678,0.37501889637602165,0.017964455818485152,-0.00570141710103455,0.3149225062750506,-0.2174679223333163,2.916791778658911,0.6328967355367688
105,20260811_225324_571,0.15421729270621895,1.9365649781353484,-1.4756584292686858,0.5003160833766945,-0.3238632960000678,0.37501889637602165,0.017964455818485152,-0.00570141710103455,0.3149225062750506,-0.2174679223333163,2.916791778658911,0.6328967355367688
106,20260811_225325_072,0.15421729270621895,1.9365649781353484,-1.4756584292686858,0.5003160833766945,-0.3238632960000678,0.37501889637602165,0.017964455818485152,-0.00570141710103455,0.3149225062750506,-0.2174679223333163,2.916791778658911,0.6328967355367688
107,20260811_225325_573,0.15421729270621895,1.9365649781353484,-1.4756584292686858,0.5003160833766945,-0.3238632960000678,0.37501889637602165,0.017921726362863162,-0.005627760595959904,0.31500218179589273,-0.21952434639650742,2.9236619444135132,0.6255282752103155
108,20260811_225326_170,0.15421729270621895,1.9365649781353484,-1.4756584292686858,0.5003160833766945,-0.3238632960000678,0.37501889637602165,0.01790246494587409,-0.005468041070057217,0.3144917529297778,-0.21822098534612416,2.911363344261681,0.6250020712995701
109,20260811_225326_673,0.15421729270621895,1.9365649781353484,-1.4756584292686858,0.5003160833766945,-0.3238632960000678,0.37501889637602165,0.017987425568474297,-0.005484656501410192,0.3144974486331322,-0.21707864108917443,2.916400979709418,0.622564280843431
110,20260811_225327_174,0.15421729270621895,1.9365649781353484,-1.4756584292686858,0.5003160833766945,-0.3238632960000678,0.37501889637602165,0.017921726362863162,-0.005627760595959904,0.31500218179589273,-0.21952434639650742,2.9236619444135132,0.6255282752103155
111,20260811_225327_773,0.15421729270621895,1.9365649781353484,-1.4756584292686858,0.5003160833766945,-0.3238632960000678,0.37501889637602165,0.017987425568474297,-0.005484656501410192,0.3144974486331322,-0.21707864108917443,2.916400979709418,0.622564280843431
112,20260811_225330_671,0.1269901563751074,1.9365649781353484,-1.4756584292686858,0.5003858965467743,-0.32396801575518747,0.3745651107705031,-0.019794717739663518,-0.014383972142998866,0.30486413509257343,-0.19496022908374666,2.86114729765274,0.6263078814437631
113,20260811_225331_271,0.09864600932271951,1.9365649781353484,-1.4756584292686858,0.5004731630093741,-0.3226415655236718,0.3745651107705031,-0.029394295794737353,-0.015848338412283756,0.3047219724957536,-0.19703525341763398,2.862393718388589,0.628068117759189
114,20260811_225331_772,0.09864600932271951,1.9365649781353484,-1.4756584292686858,0.5004731630093741,-0.3226415655236718,0.3745651107705031,-0.030301258881419223,-0.015933667270477878,0.3037585016031344,-0.19333937988522606,2.8561870766051594,0.6212371427251119
115,20260811_225332_373,0.09864600932271951,1.9365649781353484,-1.4756584292686858,0.5004731630093741,-0.3226415655236718,0.3745651107705031,-0.030301258881419223,-0.015933667270477878,0.3037585016031344,-0.19333937988522606,2.8561870766051594,0.6212371427251119
116,20260811_225332_973,0.09864600932271951,1.8851475783715952,-1.4756584292686858,0.5004731630093741,-0.3240552822177872,0.3745651107705031,-0.03777051309183531,0.018323599032770765,0.32531748294514934,-0.19624428287901727,2.8651748606298746,0.5038251099478286
117,20260811_225333_474,0.09864600932271951,1.8851475783715952,-1.4756584292686858,0.5004731630093741,-0.3240029223402273,0.3745651107705031,-0.038197132629021704,0.020014041545170877,0.3264598854018402,-0.1880523281132024,2.866708672746915,0.5578006280158728
118,20260811_225334_073,0.09864600932271951,1.8851475783715952,-1.4756584292686858,0.5004731630093741,-0.3240029223402273,0.3745651107705031,-0.03829236265741007,0.020209263688212218,0.32590535356573647,-0.1903667490018519,2.859714452443934,0.5482765733375747
119,20260811_225334_672,0.09864600932271951,1.8851475783715952,-1.4756584292686858,0.5004731630093741,-0.3240029223402273,0.3745651107705031,-0.038306729887807735,0.020380766697083285,0.32606085235616233,-0.18921646934621786,2.8584141656193656,0.5534689291230654
120,20260811_225335_175,0.09864600932271951,1.8851475783715952,-1.4756584292686858,0.5004731630093741,-0.3240029223402273,0.3745651107705031,-0.038177207671326756,0.020192307741434712,0.3264349947010677,-0.19153023008951103,2.8562297620138835,0.5413519273755432
121,20260811_225335_773,0.09864600932271951,1.8851475783715952,-1.4756584292686858,0.5004731630093741,-0.3240029223402273,0.3745651107705031,-0.038540953193468265,0.020542891111196997,0.3264927592014164,-0.1945173629214037,2.8732552898870054,0.5557744316435007
122,20260811_225336_373,0.09864600932271951,1.8851475783715952,-1.4756584292686858,0.5004731630093741,-0.3240029223402273,0.3745651107705031,-0.03841875323745048,0.02063770492696993,0.3261930367665159,-0.1925236403231821,2.8669351171862765,0.5512126656259084
123,20260811_225342_372,0.09864600932271951,1.4094406374480208,-1.0804809800321296,0.5004731630093741,-0.3223099529657928,0.3745651107705031,-0.07425763591979961,0.08722133748382598,0.4716646473946698,-0.1801493684452382,2.8667551314146373,0.3229300638240225
124,20260811_225342_972,0.09864600932271951,1.4094406374480208,-0.8738689031810409,0.5004731630093741,-0.3222924996732729,0.3745651107705031,-0.05100286581207876,-0.08185666161077078,0.45173608274049254,-0.21857262960218274,2.8899609706022327,0.764415902658201
125,20260811_225350_073,0.09864600932271951,0.7827627162269369,-0.36894515057908134,0.5003335366692144,-0.3223274062583128,0.3745651107705031,-0.07338251525137529,-0.11721487069288314,0.5838643231720917,-0.1651732781598123,2.778309923090726,0.4097843221023717
126,20260811_225350_672,0.09864600932271951,0.6788807191482343,-0.36894515057908134,0.5003335366692144,-0.3230080846665906,0.3745651107705031,-0.09445233690199371,-0.02303171029646129,0.643980234104857,-0.18199908972529735,2.8563738064010296,0.34860682251731356
127,20260811_225351_174,0.09864600932271951,0.6788807191482343,-0.36894515057908134,0.5003335366692144,-0.3230080846665906,0.3745651107705031,-0.09565720304425475,-0.021845280206791932,0.6424620937600672,-0.18211523236698837,2.8727341891066556,0.3693484214084153
128,20260811_225351_772,0.09864600932271951,0.6788807191482343,-0.36894515057908134,0.5003335366692144,-0.3230080846665906,0.3745651107705031,-0.09565720304425475,-0.021845280206791932,0.6424620937600672,-0.18211523236698837,2.8727341891066556,0.3693484214084153
129,20260811_225352_373,0.09864600932271951,0.6788807191482343,-0.36894515057908134,0.5003335366692144,-0.3230080846665906,0.3745651107705031,-0.09565720304425475,-0.021845280206791932,0.6424620937600672,-0.18211523236698837,2.8727341891066556,0.3693484214084153
130,20260811_225352_972,0.09864600932271951,0.6788807191482343,-0.36894515057908134,0.5003335366692144,-0.3230080846665906,0.3745651107705031,-0.09565720304425475,-0.021845280206791932,0.6424620937600672,-0.18211523236698837,2.8727341891066556,0.3693484214084153
131,20260811_225353_571,0.09864600932271951,0.6788807191482343,-0.36894515057908134,0.5003335366692144,-0.3230080846665906,0.3745651107705031,-0.09565720304425475,-0.021845280206791932,0.6424620937600672,-0.18211523236698837,2.8727341891066556,0.3693484214084153
132,20260811_225354_073,0.09864600932271951,0.6788807191482343,-0.36894515057908134,0.5003335366692144,-0.3230080846665906,0.3745651107705031,-0.09565720304425475,-0.021845280206791932,0.6424620937600672,-0.18211523236698837,2.8727341891066556,0.3693484214084153
133,20260811_225354_573,0.09864600932271951,0.6788807191482343,-0.36894515057908134,0.5003335366692144,-0.3230080846665906,0.3745651107705031,-0.09565720304425475,-0.021845280206791932,0.6424620937600672,-0.18211523236698837,2.8727341891066556,0.3693484214084153
134,20260811_225355_172,0.09864600932271951,0.6788807191482343,-0.36894515057908134,0.5003335366692144,-0.3230080846665906,0.3745651107705031,-0.09565720304425475,-0.021845280206791932,0.6424620937600672,-0.18211523236698837,2.8727341891066556,0.3693484214084153
135,20260811_225355_673,0.09864600932271951,0.6788807191482343,-0.36894515057908134,0.5003335366692144,-0.3230080846665906,0.3745651107705031,-0.09565720304425475,-0.021845280206791932,0.6424620937600672,-0.18211523236698837,2.8727341891066556,0.3693484214084153
136,20260811_225356_272,0.09864600932271951,0.6788807191482343,-0.36894515057908134,0.5003335366692144,-0.3230080846665906,0.3745651107705031,-0.09565720304425475,-0.021845280206791932,0.6424620937600672,-0.18211523236698837,2.8727341891066556,0.3693484214084153
137,20260811_225356_773,0.09864600932271951,0.6788807191482343,-0.36894515057908134,0.5003335366692144,-0.3230080846665906,0.3745651107705031,-0.09565720304425475,-0.021845280206791932,0.6424620937600672,-0.18211523236698837,2.8727341891066556,0.3693484214084153
138,20260811_225357_373,0.09864600932271951,0.6788807191482343,-0.481379260992556,0.5003335366692144,-0.3249628534288242,0.3745651107705031,-0.11212790076792402,0.09204565473828709,0.6501046083418554,-0.17244308064437502,2.8645589819178907,0.16851902292095652
139,20260811_225357_873,0.09864600932271951,0.6788807191482343,-0.481379260992556,0.5003335366692144,-0.3221354200405934,0.3745651107705031,-0.11212533189373515,0.09113806766898214,0.6502957908417991,-0.17608656532926895,2.8535256279237915,0.2042123245514141
140,20260811_225358_473,0.09864600932271951,0.6788807191482343,-0.21727603858077407,0.5003335366692144,-0.3240378289252672,0.3745651107705031,-0.07419915801638471,-0.15874837284851145,0.6191794173298145,-0.21557499845416736,2.9514974860899903,0.5475082495004351
141,20260811_225403_870,0.09864600932271951,0.34299210460192564,0.0,0.5003335366692144,-0.3226939254012316,0.3745651107705031,-0.08148474272099136,-0.15072535369338133,0.6640831175079204,-0.16834095790335685,2.823175866750467,0.363429203120556
142,20260811_225404_373,0.09864600932271951,0.254852977376212,0.0,0.5003335366692144,-0.3230953511291903,0.3745651107705031,-0.09866955020701094,-0.07378062319888586,0.6993250796355786,-0.16662036673371566,2.854148845435836,0.21513621079250217
143,20260811_225404_874,0.09864600932271951,0.254852977376212,0.0,0.5003335366692144,-0.3230953511291903,0.3745651107705031,-0.09752032433433248,-0.07377435966554703,0.6992604280655014,-0.16668896269645606,2.856168341135781,0.21523943933230053
144,20260811_225405_473,0.09864600932271951,0.2375044046113884,0.0,0.5003335366692144,-0.3229033649114709,0.3745651107705031,-0.10014098056885525,-0.06102708695033018,0.7034158156410633,-0.17298781207471156,2.858296941032048,0.18463791132717058
145,20260811_225406_071,0.09864600932271951,0.20354029736757873,0.0,0.5003335366692144,-0.32452652111582564,0.3745651107705031,-0.1052641540071853,-0.03227787686759566,0.7106918401269099,-0.17303361382992763,2.8457538401555116,0.22852994394119738
146,20260811_225406_573,0.09864600932271951,0.14454816865017037,0.0,0.5003335366692144,-0.323496776857149,0.3745651107705031,-0.10057128599089075,-0.0034552379561267107,0.6718955552917656,-0.15227378168242228,2.6072193154344845,0.044160744650487825
147,20260811_225407_173,0.09864600932271951,0.034173546754048975,0.0,0.5003335366692144,-0.32267647210871164,0.3745651107705031,-0.12530595328020463,0.09988532255971223,0.7286611459785025,-0.15725252071458296,2.84989476171078,-0.027778849735573468
148,20260811_225407_772,0.09864600932271951,0.034173546754048975,0.0,0.5003335366692144,-0.32267647210871164,0.3745651107705031,-0.12546101064167833,0.10114665136798695,0.728463804631171,-0.16419770049167298,2.828082703150635,-0.003651738287329583
149,20260811_225408_372,0.09864600932271951,0.034173546754048975,0.0,0.5003335366692144,-0.32267647210871164,0.3745651107705031,-0.1250827884033865,0.10049808776254152,0.7267950752755713,-0.16510921248344773,2.812864342527347,-0.0341410470145195
150,20260811_225408_973,0.09864600932271951,0.034173546754048975,0.0,0.5003335366692144,-0.32267647210871164,0.3745651107705031,-0.12529996580880326,0.099924934707604,0.7282219722443033,-0.14843870120276106,2.806605987287238,-0.07844766057311403
151,20260811_225409_480,0.09864600932271951,0.034173546754048975,0.0,0.5003335366692144,-0.34903094381382604,0.3745651107705031,-0.1255246222944811,0.1013489514189361,0.7270662297790682,-0.16240379646315978,2.7732727265440613,-0.05520518116350549
152,20260811_225410_076,0.09864600932271951,0.034173546754048975,0.0,0.5003335366692144,-0.4694935687864747,0.3745651107705031,-0.194499074200605,0.20196043819640513,0.707975047811708,-0.12803221757191477,2.801439574107425,-0.21993861240998272
153,20260811_225410_676,0.09864600932271951,0.034173546754048975,0.0,0.5003335366692144,-0.4694935687864747,0.3745651107705031,-0.19239277483836173,0.20158671688264088,0.7050072799872333,-0.12793200954757394,2.780459242985047,-0.24213388375462339
154,20260811_225411_274,0.09864600932271951,0.034173546754048975,0.0,0.5003335366692144,-0.33412583200179446,0.3745651107705031,-0.14072554961935688,0.12128038982872852,0.7348102251120913,-0.15761797517916085,2.8122612474064117,0.05659506742008955
155,20260811_225411_775,0.09864600932271951,0.034173546754048975,0.0,0.5003335366692144,-0.19203857759693607,0.3745651107705031,-0.06936672738248163,0.019105307832559967,0.7484206289670816,-0.17927464416894812,2.9549975953638636,0.2195567485246266
156,20260811_225412_276,0.09864600932271951,0.034173546754048975,0.0,0.5003335366692144,-0.1518610982160266,0.3745651107705031,-0.04081026436850279,-0.019545934118171234,0.7418283301977544,-0.18377525201985712,2.9379542270671406,0.12078310507886365
157,20260811_225412_871,0.09864600932271951,0.034173546754048975,-0.000593411945678072,0.5003335366692144,-0.07768460500626762,0.3745651107705031,-0.013751177828603037,-0.05635323584303663,0.7444788955784977,-0.19400574969639742,2.9970622992721148,0.22056029939737143
158,20260811_225413_376,0.09864600932271951,0.034173546754048975,0.0,0.5003335366692144,0.020053833105414847,0.3745651107705031,0.04522983912861258,-0.13140185840141028,0.7119885306906374,-0.20588386381777266,2.9652204811613756,0.3873201719663828
159,20260811_225413_877,0.09864600932271951,0.034173546754048975,0.0,0.5003335366692144,-0.08587019919812101,0.3745651107705031,-0.00942023597191515,-0.06225376794667812,0.7339944711111875,-0.19605214878110655,2.9639221562317823,0.19553169503897008
160,20260811_225414_473,0.09864600932271951,0.034173546754048975,0.0,0.5003335366692144,-0.045553093477052,0.3745651107705031,0.012404126406829925,-0.09068592996758773,0.7283354369660018,-0.19692599037361538,2.9861550022693395,0.2395498217536779
161,20260811_225415_074,0.09864600932271951,0.034173546754048975,0.0,0.5003335366692144,-0.045553093477052,0.3745651107705031,0.011826446532452416,-0.08907704664324036,0.7284696461773742,-0.20681502030520665,2.9756166228559544,0.27216453377702904
162,20260811_225415_671,0.09864600932271951,0.034173546754048975,0.0,0.5003335366692144,-0.045553093477052,0.3745651107705031,0.011683851306395557,-0.0890779112901717,0.7316117547972398,-0.2090987753836417,3.006597580009923,0.3040379053286421
163,20260811_225416_271,0.09864600932271951,0.034173546754048975,0.0,0.5003335366692144,-0.045553093477052,0.3745651107705031,0.011683851306395557,-0.0890779112901717,0.7316117547972398,-0.2090987753836417,3.006597580009923,0.3040379053286421
164,20260811_225416_773,0.09864600932271951,0.034173546754048975,0.0,0.5003335366692144,-0.045553093477052,0.3745651107705031,0.011826446532452416,-0.08907704664324036,0.7284696461773742,-0.20681502030520665,2.9756166228559544,0.27216453377702904
165,20260811_225417_374,0.09864600932271951,0.034173546754048975,0.0,0.5003335366692144,-0.045553093477052,0.3745651107705031,0.011826446532452416,-0.08907704664324036,0.7284696461773742,-0.20681502030520665,2.9756166228559544,0.27216453377702904
166,20260811_225417_972,0.09864600932271951,0.034173546754048975,0.0,0.3684564583885229,-0.045553093477052,0.3745651107705031,0.007975727601657118,-0.09057973687347266,0.7289761054425826,-0.36836137454780193,2.940050946651899,0.27268697240051126
167,20260811_225418_472,0.09864600932271951,0.034173546754048975,0.0,0.29434977834884374,-0.045553093477052,0.3745651107705031,0.005780896545251675,-0.09075809292422507,0.7264872468564281,-0.4730333813531836,2.928049747406091,0.2946788351413907
168,20260811_225419_071,0.09864600932271951,0.034173546754048975,0.0,0.1680228470894941,-0.045553093477052,0.3745651107705031,0.0021066444005526912,-0.09231180427777061,0.7230604736388284,-0.6409190863270302,2.8387319429290194,0.2854269541449894
169,20260811_225419_672,0.09864600932271951,0.034173546754048975,0.0,0.017086773377024488,-0.045553093477052,0.3745651107705031,-0.001913378339884036,-0.0958060194294528,0.727070682030786,-0.8435113070724786,2.796115787626757,0.27954747686567416
170,20260811_225420_173,0.09864600932271951,0.034173546754048975,0.0,-0.027035150113392165,-0.045553093477052,0.3728546881035486,-0.003177471433913375,-0.09752760102502596,0.7251951511216359,-0.9284819834138868,2.7104681523651712,0.2735796995930114
171,20260811_225420_676,0.09864600932271951,0.034173546754048975,0.0,0.044017203735296995,-0.045553093477052,0.3728546881035486,-0.0017010538596983016,-0.09577102094725687,0.7254852422621869,-0.8838905860915485,2.78685462384605,0.3157878997687337
172,20260811_225421_276,0.09864600932271951,0.034173546754048975,0.0,0.047106436511326955,-0.045553093477052,0.3728546881035486,-0.0010221136125761236,-0.09535673738368586,0.72426390556279,-0.8435578517911072,2.792513423964721,0.297626963811226
173,20260811_225421_876,0.09864600932271951,0.034173546754048975,0.0,0.02968805057642355,-0.045553093477052,0.3728546881035486,-0.0013373273214566431,-0.09556884629050971,0.7234455322398997,-0.8468351587838597,2.74064509270627,0.263532509212343
174,20260811_225422_475,0.09864600932271951,0.034173546754048975,0.0,0.031573006168577424,-0.045553093477052,0.3728546881035486,-0.0013373273214566431,-0.09556884629050971,0.7234455322398997,-0.8468351587838597,2.74064509270627,0.263532509212343
175,20260811_225423_074,0.09864600932271951,0.034173546754048975,0.0,0.031573006168577424,-0.045553093477052,0.3728546881035486,-0.0013373273214566431,-0.09556884629050971,0.7234455322398997,-0.8468351587838597,2.74064509270627,0.263532509212343
176,20260811_225423_576,0.09864600932271951,0.034173546754048975,0.0,0.031573006168577424,-0.045553093477052,0.3728546881035486,-0.0017986173224896268,-0.09563641071033696,0.7268382737181451,-0.8712876590837649,2.807287383227383,0.33107014549912794
177,20260811_225424_174,0.09864600932271951,0.034173546754048975,0.0,0.031573006168577424,-0.045553093477052,0.3728546881035486,-0.0011943369278632093,-0.09527081249330832,0.7220565122386593,-0.8559226855447258,2.7575543194084395,0.30668726639694155
178,20260811_225424_675,0.09864600932271951,0.034173546754048975,0.0,0.031573006168577424,-0.045553093477052,0.3728546881035486,-0.0017986173224896268,-0.09563641071033696,0.7268382737181451,-0.8712876590837649,2.807287383227383,0.33107014549912794
179,20260811_225425_176,0.09864600932271951,0.034173546754048975,0.0,0.027925268031909273,-0.045553093477052,0.3728546881035486,-0.0013373273214566431,-0.09556884629050971,0.7234455322398997,-0.8468351587838597,2.74064509270627,0.263532509212343
180,20260811_225425_770,0.09864600932271951,0.034173546754048975,0.0,0.022479840765686966,-0.045553093477052,0.3728546881035486,-0.002119873083239142,-0.09566743355093284,0.7243373996251842,-0.8733851747383422,2.7633369859015784,0.2843550775821984
181,20260811_225426_272,0.09864600932271951,0.034173546754048975,0.0,0.018395770316020233,-0.045553093477052,0.3728546881035486,-0.0017010538596983016,-0.09577102094725687,0.7254852422621869,-0.8838905860915485,2.78685462384605,0.3157878997687337
182,20260811_225426_773,0.09864600932271951,0.034173546754048975,0.0,0.013229595730117017,-0.045553093477052,0.3728546881035486,-0.0020627243284790124,-0.09599540100054499,0.7247459903335514,-0.8818759527362515,2.7470070203755492,0.2831344862670479
183,20260811_225427_274,0.09864600932271951,0.034173546754048975,0.0,0.007243116395776468,-0.045553093477052,0.3728546881035486,-0.0021957050740349406,-0.09687285910676727,0.7277606172645308,-0.8995301364071026,2.778867638370708,0.25115987096770104
184,20260811_225427_871,0.09864600932271951,0.034173546754048975,0.0,0.0,-0.045553093477052,0.3728546881035486,-0.0021623249824511835,-0.09629651080903365,0.7267414126991648,-0.919800943868435,2.807262160118562,0.31305646598186326
185,20260811_225428_375,0.09864600932271951,0.034173546754048975,0.0,0.0,-0.045553093477052,0.3728546881035486,-0.0024731081826435183,-0.09666120338769055,0.7271055043258358,-0.8994076810758077,2.7642507560641962,0.2804403963285586
186,20260811_225428_972,0.09864600932271951,0.034173546754048975,0.0,0.0,-0.045553093477052,0.3728546881035486,-0.0024731081826435183,-0.09666120338769055,0.7271055043258358,-0.8994076810758077,2.7642507560641962,0.2804403963285586
187,20260811_225429_572,0.09864600932271951,0.034173546754048975,0.0,0.0,-0.045553093477052,0.3728546881035486,-0.0024731081826435183,-0.09666120338769055,0.7271055043258358,-0.8994076810758077,2.7642507560641962,0.2804403963285586
188,20260811_225430_173,0.09864600932271951,0.034173546754048975,0.0,0.0,-0.045553093477052,0.3728546881035486,-0.0024731081826435183,-0.09666120338769055,0.7271055043258358,-0.8994076810758077,2.7642507560641962,0.2804403963285586
189,20260811_225430_772,0.09864600932271951,0.034173546754048975,0.0,0.0,-0.045553093477052,0.3728546881035486,-0.0025593485855837867,-0.09651088975446451,0.7281302668174934,-0.909711251303249,2.775472648762225,0.2859273093997644
190,20260811_225431_275,0.09864600932271951,0.034173546754048975,0.0,0.0,-0.045553093477052,0.3728546881035486,-0.0018887091745805574,-0.09612480601087234,0.7214298601921071,-0.8838248209195407,2.7151224521656867,0.26930103989490384
191,20260811_225431_776,0.09864600932271951,0.034173546754048975,0.0,0.0,-0.04806636759992384,0.3728546881035486,-0.0035923205816545006,-0.09445820395584677,0.7249666551452273,-0.8914887599513834,2.742215864352768,0.3061374804872928
192,20260811_225432_375,0.09864600932271951,0.034173546754048975,0.0,0.0,-0.05037020221255635,0.3728546881035486,-0.00476781774779579,-0.09205860576452285,0.724733351183687,-0.8915083240732796,2.7409331828113253,0.30041057725065506
193,20260811_225432_973,0.09864600932271951,0.034173546754048975,0.0,0.0,-0.04612905213021013,0.3728546881035486,-0.00241255364702298,-0.0951518622733646,0.7245155310166288,-0.9019290404135909,2.75697792300844,0.2670590458018647
194,20260811_225433_571,0.09864600932271951,0.034173546754048975,0.0,0.0,-0.03808308427851627,0.3728546881035486,-0.00012094109316913572,-0.09976902901989387,0.7267607113331442,-0.9111928292022854,2.783096277766351,0.24261092022175346
195,20260811_225434_073,0.09864600932271951,0.034173546754048975,0.0,0.0,-0.03623303527140228,0.3728546881035486,0.003550943383680446,-0.10371589228540065,0.7244058723443001,-0.8932179546660872,2.7547540994575095,0.28287702456505387
196,20260811_225434_671,0.09864600932271951,0.034173546754048975,0.0,0.0,-0.02975786374650332,0.3728546881035486,0.00648649711402162,-0.10636865927995935,0.7192752501615779,-0.8979306706911054,2.7392906065867915,0.31919243667278924
197,20260811_225435_172,0.09864600932271951,0.034173546754048975,0.0,0.0,-0.024783675378319478,0.3728546881035486,0.008284767797028367,-0.11047179339859542,0.7247333692637974,-0.9160579682038739,2.792656265672436,0.3546482588740454
198,20260811_225435_673,0.09864600932271951,0.034173546754048975,0.0,0.0,-0.022322761133007477,0.3728546881035486,0.011175281727022632,-0.11238098180058284,0.7200870154212156,-0.8989792920231354,2.7459551841975545,0.3336226952167176
199,20260811_225436_272,0.09864600932271951,0.034173546754048975,0.0,0.0,-0.0165282680163863,0.3728546881035486,0.01234699948622502,-0.11478639344006546,0.720402386157001,-0.8991842845894579,2.7476124796665404,0.3393561657317452
200,20260811_225436_873,0.09864600932271951,0.034173546754048975,0.0,0.0,-0.01445132620651305,0.3728546881035486,0.014082979617170822,-0.11605125119009005,0.7156985151862092,-0.9003901039744328,2.7378124673838053,0.3404227506998491
201,20260811_225437_373,0.09864600932271951,0.034173546754048975,0.0,0.0,-0.01445132620651305,0.3728546881035486,0.014082979617170822,-0.11605125119009005,0.7156985151862092,-0.9003901039744328,2.7378124673838053,0.3404227506998491
202,20260811_225437_971,0.09864600932271951,0.034173546754048975,0.0,0.0,-0.01445132620651305,0.3728546881035486,0.014082979617170822,-0.11605125119009005,0.7156985151862092,-0.9003901039744328,2.7378124673838053,0.3404227506998491
203,20260811_225438_473,0.09864600932271951,0.034173546754048975,0.0,0.0,-0.01085594794740473,0.3728546881035486,0.015961201799464624,-0.11918723805959859,0.7192471563282805,-0.9093406082040789,2.767963654909942,0.3982241596734612
204,20260811_225439_071,0.09864600932271951,0.034173546754048975,0.0,0.0,-0.007609635538695277,0.3728546881035486,0.01706735005193862,-0.12222706519687596,0.721270343997171,-0.9345672285979753,2.8151072446762595,0.3285436857414477
205,20260811_225439_575,0.09864600932271951,0.034173546754048975,0.0,0.0,-0.006684611035138282,0.3728546881035486,0.0183390571829605,-0.12247247084139505,0.718576191519052,-0.9125404790475422,2.778827276365015,0.357469602470805
206,20260811_225440_172,0.09864600932271951,0.034173546754048975,0.0,0.0,0.0,0.3728546881035486,0.020684560734689796,-0.1260978792865564,0.7191204998510147,-0.9135092194583093,2.7827351771313733,0.36584828062149094
207,20260811_225440_673,0.09864600932271951,0.034173546754048975,0.0,0.0,0.0,0.3728546881035486,0.021147829033160558,-0.12600800048808464,0.7153615330224669,-0.9249475537837658,2.7820720770947713,0.36757515910690686
208,20260811_225441_271,0.09864600932271951,0.034173546754048975,0.0,0.0,0.0,0.3728546881035486,0.021572037915489,-0.12531264611618526,0.7101167809149719,-0.9066674808073482,2.7334261392613786,0.34765531118870624
209,20260811_225441_771,0.09864600932271951,0.034173546754048975,0.0,0.0,0.0,0.37679913221305583,0.022004875643795906,-0.12557749982427915,0.7134298935203283,-0.9063254181129414,2.7756991846418573,0.38700544190848957
210,20260811_225442_273,0.09864600932271951,0.034173546754048975,0.0,0.0,0.0,0.3826808917922767,0.02220201879416772,-0.12657875289955411,0.7171215976372134,-0.8951066716601445,2.7668594770260246,0.36750227093573257
211,20260811_225442_773,0.09864600932271951,0.034173546754048975,0.0,0.0,0.0,0.3826808917922767,0.02220201879416772,-0.12657875289955411,0.7171215976372134,-0.8951066716601445,2.7668594770260246,0.36750227093573257
212,20260811_225443_274,0.09864600932271951,0.034173546754048975,0.0,0.0,0.0,0.1926494428351341,0.012995310148963707,-0.13030138833427035,0.7131951516221194,-1.1302616057675428,2.6258722648253303,0.39720747594354666
213,20260811_225443_774,0.09864600932271951,0.034173546754048975,0.0,0.0,0.0,0.2541548456754143,0.014573042588855925,-0.12929890968737265,0.7104559788657865,-1.0956211276151824,2.6262210769833483,0.35735458357280137
214,20260811_225444_371,0.09864600932271951,0.034173546754048975,0.0,0.0,0.0,0.4645891935883706,0.026331628563664434,-0.1243286151488688,0.714103450899039,-0.7942872326783996,2.792452920730759,0.3554869392257806
215,20260811_225444_871,0.09864600932271951,0.034173546754048975,0.0,0.0,0.0,0.5442460206493918,0.03054419626821927,-0.12416490665401078,0.7178885991924148,-0.6945890338079055,2.8414580836556467,0.3601417461960809
216,20260811_225445_374,0.09864600932271951,0.034173546754048975,0.0,0.0,0.0,0.7212049535090969,0.038292911667910545,-0.1221669020593899,0.7179159748572459,-0.4863744859968852,2.892951346082382,0.3612877199860385
217,20260811_225445_971,0.09864600932271951,0.034173546754048975,0.0,0.0,0.0,1.0074738574212068,0.05440919185923187,-0.12331835586547923,0.7186136406507875,0.03692804513023298,-3.1708201107198146,-0.3908321913726299
218,20260811_225446_472,0.09864600932271951,0.034173546754048975,0.0,0.0,0.0,1.0522415527348614,0.057593971857573985,-0.12430987369319134,0.7173913473922426,0.046647204807129056,3.067055444525847,0.37195121747377646
219,20260811_225446_973,0.09864600932271951,0.034173546754048975,0.0,0.0,0.0,1.0522415527348614,0.057593971857573985,-0.12430987369319134,0.7173913473922426,0.046647204807129056,3.067055444525847,0.37195121747377646
220,20260811_225447_570,0.09864600932271951,0.034173546754048975,0.0,0.0,0.0,1.0522415527348614,0.057593971857573985,-0.12430987369319134,0.7173913473922426,0.046647204807129056,3.067055444525847,0.37195121747377646
221,20260811_225448_071,0.09864600932271951,0.034173546754048975,0.0,0.0,0.0,1.0522415527348614,0.057593971857573985,-0.12430987369319134,0.7173913473922426,0.046647204807129056,3.067055444525847,0.37195121747377646
222,20260811_225448_571,0.09864600932271951,0.034173546754048975,0.0,0.0,0.0,1.0522415527348614,0.057593971857573985,-0.12430987369319134,0.7173913473922426,0.046647204807129056,3.067055444525847,0.37195121747377646
223,20260811_225449_071,0.09864600932271951,0.034173546754048975,0.0,0.0,0.0,1.0522415527348614,0.057593971857573985,-0.12430987369319134,0.7173913473922426,0.046647204807129056,3.067055444525847,0.37195121747377646
224,20260811_225449_572,0.09864600932271951,0.034173546754048975,0.0,0.0,0.0,1.0522415527348614,0.057593971857573985,-0.12430987369319134,0.7173913473922426,0.046647204807129056,3.067055444525847,0.37195121747377646
225,20260811_225450_171,0.09864600932271951,0.034173546754048975,0.0,0.0,0.0,1.0522415527348614,0.057593971857573985,-0.12430987369319134,0.7173913473922426,0.046647204807129056,3.067055444525847,0.37195121747377646
226,20260811_225450_672,0.09864600932271951,0.0,0.0,0.0,0.0,1.0522415527348614,0.05819129244494095,-0.09839999159057569,0.7275790399898595,0.038298982522046325,3.05545385172336,0.33460971933916345
227,20260811_225451_172,0.09864600932271951,0.0,0.0,0.0,0.0,1.0522415527348614,0.05810364045283569,-0.09811656962877802,0.7297411534279682,-0.034110301767166326,-3.142618106030381,-0.33883064887232345
228,20260811_225451_674,0.09864600932271951,0.0,0.0,0.0,0.0,1.0522415527348614,0.05800609880805431,-0.0987188687888038,0.7323952011949719,-0.03486247282336518,-3.1470040811301256,-0.27056346186822033
229,20260811_225452_273,0.09864600932271951,0.0,0.0,0.0,0.0,1.0522415527348614,0.05800609880805431,-0.0987188687888038,0.7323952011949719,-0.03486247282336518,-3.1470040811301256,-0.27056346186822033
230,20260811_225452_774,0.09864600932271951,0.0,0.0,0.0,0.0,1.0522415527348614,0.05800609880805431,-0.0987188687888038,0.7323952011949719,-0.03486247282336518,-3.1470040811301256,-0.27056346186822033
231,20260811_225453_275,0.09864600932271951,0.0,0.0,0.0,0.0,1.0522415527348614,0.05840362623138478,-0.09778011597090544,0.728199011534998,0.04970804256510504,3.032411104946923,0.2801582946366845
232,20260811_225453_776,0.09864600932271951,0.0,0.0,0.0,0.0,1.0522415527348614,0.05800609880805431,-0.0987188687888038,0.7323952011949719,-0.03486247282336518,-3.1470040811301256,-0.27056346186822033
233,20260811_225454_373,0.09864600932271951,0.0,0.0,0.0,0.0,1.0522415527348614,0.05800609880805431,-0.0987188687888038,0.7323952011949719,-0.03486247282336518,-3.1470040811301256,-0.27056346186822033
234,20260811_225454_874,0.09864600932271951,0.0,0.0,0.0,0.0,1.0522415527348614,0.05810364045283569,-0.09811656962877802,0.7297411534279682,-0.034110301767166326,-3.142618106030381,-0.33883064887232345
